web-scraper-order,web-scraper-start-url,handle,name,content,replies,retweets,favorites,unix_timestamp,published_date,url,Unnamed: 11,month,Sentiment
1556481244-2255,https://twitter.com/search?l=&q=gun%20control%20since%3A2018-03-05%20until%3A2018-03-08&src=typd&lang=en,@eshap,(((evan shapīro))),"“Ok sweetie, have a good day at school. Be sure to be nice to the Gym Coach & Librarian today - they’re both armed to the teeth and SUPER underpaid.” 

FL Sen. @BillGalvano wants to arm librarians, gym teachers & guidance counselors. What could possibly go wrong‽

#GunControl https://twitter.com/nytnational/status/970997451950870530 …",9,16,40,1520340413000,4:46 AM - 6 Mar 2018,/eshap/status/971004189500375040,,March,positive
1556481244-2397,https://twitter.com/search?l=&q=gun%20control%20since%3A2018-03-05%20until%3A2018-03-08&src=typd&lang=en,@BosPublicRadio,Boston Public Radio,.@RepJoeKennedy joins us on the line to talk about gun control reform in the wake of the Parkland shooting: https://www.wgbh.org/audioPlayers/wgbh.cfm …,4,68,185,1520271206000,9:33 AM - 5 Mar 2018,/BosPublicRadio/status/970713912147660800,,March,neutral
1556481244-2138,https://twitter.com/search?l=&q=gun%20control%20since%3A2018-03-05%20until%3A2018-03-08&src=typd&lang=en,@just10gorham,Justin Gorham,California Democrat And Gun Control Advocate Charged With Arms Trafficking. #QAnon https://www.forbes.com/sites/gregorymcneal/2014/03/27/california-democrat-and-gun-control-advocate-charged-with-arms-trafficking/#59f31ae4660a …,2,22,20,1520386493000,5:34 PM - 6 Mar 2018,/just10gorham/status/971197459815903232,,March,neutral
1556481244-2067,https://twitter.com/search?l=&q=gun%20control%20since%3A2018-03-05%20until%3A2018-03-08&src=typd&lang=en,@JeremyCFox,Jeremy C. Fox,Cambridge and Somerville students are chanting “We need more gun control.” pic.twitter.com/B161dQqBEL – at Union Square,1,22,41,1520433858000,6:44 AM - 7 Mar 2018,/JeremyCFox/status/971396123226263552,,March,positive
1556481244-2318,https://twitter.com/search?l=&q=gun%20control%20since%3A2018-03-05%20until%3A2018-03-08&src=typd&lang=en,@WEdwarda,Ava- I love my USA!,"JUST IN: INCREDIBLE FATHER OF PARKLAND VICTIM: ""Gun Control Doesn't Work"" [Video] https://100percentfedup.com/just-incredible-father-parkland-victim-gun-control-doesnt-work-video/ … via @100percFEDUP",,15,21,1520298758000,5:12 PM - 5 Mar 2018,/WEdwarda/status/970829474186104833,,March,positive
1556481244-2045,https://twitter.com/search?l=&q=gun%20control%20since%3A2018-03-05%20until%3A2018-03-08&src=typd&lang=en,@the_wing,The Wing,"WOMEN-CRUSHING-IT-WEDNESDAY 
Emma González (@Emma4Change), a survivor of the Parkland Florida shootings and leader in the student movement to push for gun control on a state and federal level, has solidified her place in history (and she has more followers than the NRA). pic.twitter.com/QBwfEfIUgo",,17,122,1520445016000,9:50 AM - 7 Mar 2018,/the_wing/status/971442924998324227,,March,positive
1556481244-2123,https://twitter.com/search?l=&q=gun%20control%20since%3A2018-03-05%20until%3A2018-03-08&src=typd&lang=en,@kenameri1,AmeriKen  🇺🇸 🇺🇸,"California’s Champion Of Gun Control, Sen. Leland Yee, heading to prison for weapons trafficking, accepting bribes, and extorting money. And MSM is silent! https://joeforamerica.com/2018/02/democrat-scandal-senator-yee-prison-gun-trafficking/ …",18,172,167,1520395831000,8:10 PM - 6 Mar 2018,/kenameri1/status/971236629074661376,,March,neutral
1556481244-2132,https://twitter.com/search?l=&q=gun%20control%20since%3A2018-03-05%20until%3A2018-03-08&src=typd&lang=en,@67sanmartin,St Martin,How about this? Same Anti-NRA stupidity who push for gun control even for hunters who hunt for food pic.twitter.com/isZh7FnB5z,14,46,90,1520389790000,6:29 PM - 6 Mar 2018,/67sanmartin/status/971211291313561600,,March,negative
1556481244-2277,https://twitter.com/search?l=&q=gun%20control%20since%3A2018-03-05%20until%3A2018-03-08&src=typd&lang=en,@Thomas1774Paine,Mike 'Thomas Paine' Moore,Oscars: Celebrities Push Gun Control Surrounded by a Wall of 500 Rifle-Wielding SWAT Officers - http://ow.ly/YrAU30iLWlg,6,79,120,1520320503000,11:15 PM - 5 Mar 2018,/Thomas1774Paine/status/970920679251042306,,March,neutral
1556481244-2135,https://twitter.com/search?l=&q=gun%20control%20since%3A2018-03-05%20until%3A2018-03-08&src=typd&lang=en,@Noahpinion,Noah Smith  🐇,"Maybe the reason we never got gun control before was that there wasn't a permanent activist class pushing the issue.

And maybe now there is. https://twitter.com/RectorSun/status/971081951544270848 …",8,32,128,1520389045000,6:17 PM - 6 Mar 2018,/Noahpinion/status/971208166552748033,,March,neutral
1556481244-2411,https://twitter.com/search?l=&q=gun%20control%20since%3A2018-03-05%20until%3A2018-03-08&src=typd&lang=en,@kenvogel,Kenneth P. Vogel,"Lotta people saying it's not surprising that TRUMP is proposing tariffs because he's espoused protectionist ideas that are anathema to GOP orthodoxy for years. He's also backed gay rights, gun control & abortion rights, but you don't see him proposing initiatives to advance those",8,16,37,1520268210000,8:43 AM - 5 Mar 2018,/kenvogel/status/970701346407055360,,March,positive
1556481244-2206,https://twitter.com/search?l=&q=gun%20control%20since%3A2018-03-05%20until%3A2018-03-08&src=typd&lang=en,@shannonrwatts,Shannon Watts,"""You’ve been gunsplained: harangued with the pedantry of the more-credible-than-thou firearms owner, admonished that your inferior knowledge of guns and their nomenclature puts an asterisk next to your opinion on gun control."" https://twitter.com/washingtonpost/status/971088592830427136 …",110,544,1.7K,1520361004000,10:30 AM - 6 Mar 2018,/shannonrwatts/status/971090555013754880,,March,neutral
1556481244-2154,https://twitter.com/search?l=&q=gun%20control%20since%3A2018-03-05%20until%3A2018-03-08&src=typd&lang=en,@danieltobin,Dan  🇺🇸,I have to say that I am not surprised that people want to advocate for gun control without having to learn about guns. https://twitter.com/ErikWemple/status/971100126465941504 …,3,20,63,1520379161000,3:32 PM - 6 Mar 2018,/danieltobin/status/971166709984956416,,March,negative
1556481244-2018,https://twitter.com/search?l=&q=gun%20control%20since%3A2018-03-05%20until%3A2018-03-08&src=typd&lang=en,@MichaelRajner,Michael Rajner,#MSD grad @dylbaier cites #NRA lawsuit against @AndrewGillum when mayor banned guns from city parks & calls on @FloridaCRC to strike down #FL preemption law blocking local electeds to enact local gun control laws. @MaryEllenKlas @MarcACaputo @Fla_Pol @NeverAgainMSD @FLSenateDemspic.twitter.com/88FWG0WYzQ,1,20,38,1520455825000,12:50 PM - 7 Mar 2018,/MichaelRajner/status/971488259749662720,,March,negative
1556481244-2329,https://twitter.com/search?l=&q=gun%20control%20since%3A2018-03-05%20until%3A2018-03-08&src=typd&lang=en,@Thomas1774Paine,Mike 'Thomas Paine' Moore,John Kasich tells Congress ‘don’t ask permission’ on gun control or Dreamers bills http://ow.ly/H7Qi30iLKJz,236,156,130,1520295308000,4:15 PM - 5 Mar 2018,/Thomas1774Paine/status/970815002277023744,,March,neutral
1556481244-2162,https://twitter.com/search?l=&q=gun%20control%20since%3A2018-03-05%20until%3A2018-03-08&src=typd&lang=en,@RedNationRising,Red Nation Rising,"Every time a tragedy involving guns occurs, liberals scream gun control. The threat of regulation/confiscation drives up consumer purchases. What if this were their intention all along? Don't be fooled.  They don't want control. They want a cut of the profit. #RedNationRisingpic.twitter.com/4vLXmHkFTB",1,15,24,1520377226000,3:00 PM - 6 Mar 2018,/RedNationRising/status/971158594325446662,,March,neutral
1556481244-2257,https://twitter.com/search?l=&q=gun%20control%20since%3A2018-03-05%20until%3A2018-03-08&src=typd&lang=en,@Bruce80649809,Bruce,# Hollywood hypocrisy No walls unless it’s around their mansions No vetting unless it’s in their social surroundings Tolerance as long as you agree in their ways Free speech as long as it’s not from the right gun control unless it’s to to protect them,1,17,23,1520339182000,4:26 AM - 6 Mar 2018,/Bruce80649809/status/970999023904555008,,March,positive
1556481244-2351,https://twitter.com/search?l=&q=gun%20control%20since%3A2018-03-05%20until%3A2018-03-08&src=typd&lang=en,@RepRichardNeal,Rep. Richard Neal,"Today I met with students from #Pittsfield HS & #Taconic HS to talk about #guncontrol and #schoolsafety. We had a thought-provoking conversation about gun laws, background checks & mental health issues. These students will certainly be the ones to inspire & create real change. pic.twitter.com/eZDPet8dwi",,14,20,1520287243000,2:00 PM - 5 Mar 2018,/RepRichardNeal/status/970781176087678981,,March,positive
1556481244-2301,https://twitter.com/search?l=&q=gun%20control%20since%3A2018-03-05%20until%3A2018-03-08&src=typd&lang=en,@DGComedy,Dana Goldberg,You really should win best actress for something because even you don’t believe the lines you’re spewing on gun control. This false narrative is getting so old.,6,6,109,1520304300000,6:45 PM - 5 Mar 2018,/DGComedy/status/970852721115873280,,March,positive
1556481244-2261,https://twitter.com/search?l=&q=gun%20control%20since%3A2018-03-05%20until%3A2018-03-08&src=typd&lang=en,@BBCWorld,BBC News (World),Florida shooting: State lawmakers pass gun control measures http://bbc.in/2FexS9K,21,81,177,1520337675000,4:01 AM - 6 Mar 2018,/BBCWorld/status/970992702589493248,,March,neutral
1556481244-2072,https://twitter.com/search?l=&q=gun%20control%20since%3A2018-03-05%20until%3A2018-03-08&src=typd&lang=en,@stevesilberman,Steve Silberman,"No sh*t: GOP lobbyist says Trump's alleged support for gun control was all an act, privately he's reassuring the NRA that the bloodbath can continue. https://www.yahoo.com/news/republicans-trump-apos-support-gun-111319837.html …",4,27,28,1520432172000,6:16 AM - 7 Mar 2018,/stevesilberman/status/971389054746071042,,March,negative
1556481244-2092,https://twitter.com/search?l=&q=gun%20control%20since%3A2018-03-05%20until%3A2018-03-08&src=typd&lang=en,@NadegeGreen,Nadege Green,What Miami-Dade Communities Hard Hit By Everyday Gun Violence Have To Say About Gun Control @WLRNhttp://www.tinyurl.com/ybhvprfp,,9,13,1520424528000,4:08 AM - 7 Mar 2018,/NadegeGreen/status/971356992332881922,,March,negative
1556481244-2482,https://twitter.com/search?l=&q=gun%20control%20since%3A2018-03-05%20until%3A2018-03-08&src=typd&lang=en,@Tactical_review,Tactical-reviews.com,"Government carries out democide, but who makes it possible for the government to get to that point.
#gunsense #guncontrol #LiberalLogicpic.twitter.com/W2ZgApPvUs",2,38,69,1520223000000,8:10 PM - 4 Mar 2018,/Tactical_review/status/970511722351091713,,March,neutral
1556481244-2291,https://twitter.com/search?l=&q=gun%20control%20since%3A2018-03-05%20until%3A2018-03-08&src=typd&lang=en,@NRO,National Review,Why the Left Won’t Win the Gun-Control Debate http://bit.ly/2H34TCn  via @DavidAFrenchpic.twitter.com/rvE52l0EOy,25,26,65,1520309401000,8:10 PM - 5 Mar 2018,/NRO/status/970874113924493312,,March,positive
1556481244-2295,https://twitter.com/search?l=&q=gun%20control%20since%3A2018-03-05%20until%3A2018-03-08&src=typd&lang=en,@APWestRegion,AP West Region,Oregon governor signs first gun control law in U.S. since Florida massacre. Bill closes loophole that allowed some domestic abusers from owning firearms. http://apne.ws/MAxnix4,8,189,571,1520306772000,7:26 PM - 5 Mar 2018,/APWestRegion/status/970863089225752577,,March,positive
1556481244-2194,https://twitter.com/search?l=&q=gun%20control%20since%3A2018-03-05%20until%3A2018-03-08&src=typd&lang=en,@RMConservative,Daniel Horowitz,"McCarthy just sent out a memo to members promising to push gun control next week, despite the fact that we now know that what happened in Parkland was the result of weak on criminal programs that they refuse to address.  This party deserves to lose every seat.",19,173,255,1520364392000,11:26 AM - 6 Mar 2018,/RMConservative/status/971104761767440384,,March,negative
1556481244-2180,https://twitter.com/search?l=&q=gun%20control%20since%3A2018-03-05%20until%3A2018-03-08&src=typd&lang=en,@chucktodd,Chuck Todd,George Soros is not funding Parkland students’ gun control fight. @TB_Times http://www.tampabay.com/florida-politics/buzz/2018/03/06/george-soros-is-not-funding-parkland-students-gun-control-fight/ … // amazing how often we in the MSM have to report news that did NOT happen thanks to how often Soros is used in fake news,90,123,340,1520370330000,1:05 PM - 6 Mar 2018,/chucktodd/status/971129669591367681,,March,positive
1556481244-2073,https://twitter.com/search?l=&q=gun%20control%20since%3A2018-03-05%20until%3A2018-03-08&src=typd&lang=en,@drscott_atlanta,DrScott,"Congressman @NickForVA articulates #Democrats disingenuous arguments for SCHOOL SAFETY

#GunControl

Democrat tactics for ALL issues exposed

EVERY #Republican must watch HOW TO DEBATE

A check is on the way congressman

#MAGApic.twitter.com/6l1zvkaol5",20,380,427,1520431916000,6:11 AM - 7 Mar 2018,/drscott_atlanta/status/971387979628457985,,March,neutral
1556481244-2141,https://twitter.com/search?l=&q=gun%20control%20since%3A2018-03-05%20until%3A2018-03-08&src=typd&lang=en,@tracybeanz,Tracybeanz,Why the Left Won’t Win the Gun-Control Debate- This is a great article. https://www.nationalreview.com/2018/03/gun-control-debate-liberals-wont-win-heres-why/ …,26,209,324,1520385615000,5:20 PM - 6 Mar 2018,/tracybeanz/status/971193779142184960,,March,positive
1556481244-2134,https://twitter.com/search?l=&q=gun%20control%20since%3A2018-03-05%20until%3A2018-03-08&src=typd&lang=en,@ChadPergram,Chad Pergram,"Cruz on his Nov opponent after TX primary: Congressman O’Rourke is a left-wing, liberal Democrat, and is running as a vocal proponent of amnesty and open borders..a vocal proponent of gun control and restricting the Second Amendment rights of law abiding citizens.",8,57,87,1520389338000,6:22 PM - 6 Mar 2018,/ChadPergram/status/971209394309550085,,March,positive
1556481244-2346,https://twitter.com/search?l=&q=gun%20control%20since%3A2018-03-05%20until%3A2018-03-08&src=typd&lang=en,@Education4Libs,Educating Liberals,"Look at this picture.

These are the exact same people that support gun control & accuse the NRA of trying to kill kids. pic.twitter.com/5DYjuMRgD1",1.3K,3.1K,4.5K,1520289613000,2:40 PM - 5 Mar 2018,/Education4Libs/status/970791116722249729,,March,positive
1556481244-2518,https://twitter.com/search?l=&q=gun%20control%20since%3A2018-03-05%20until%3A2018-03-08&src=typd&lang=en,@redcarpet,E! Red Carpet,"All the stars that walked the #Oscars red carpet wearing pins that supported Gun Control, AIDS research, and @TIMESUPNOW: http://eonli.ne/2FTerAA pic.twitter.com/EITyItbHos",8,30,105,1520212052000,5:07 PM - 4 Mar 2018,/redcarpet/status/970465803169443841,,March,neutral
1556481244-2087,https://twitter.com/search?l=&q=gun%20control%20since%3A2018-03-05%20until%3A2018-03-08&src=typd&lang=en,@SaysHummingbird,The Hummingbird  🐦,"Yesterday in Baltimore, students march toward City Hall asking for gun control.

THIS. IS. WHAT. DEMOCRACY. LOOKS. LIKE. 

#BoycottNRA
#GunControlNowpic.twitter.com/m1a3LjIFcH",121,2.5K,5.6K,1520427324000,4:55 AM - 7 Mar 2018,/SaysHummingbird/status/971368718470131717,,March,neutral
1556481244-2404,https://twitter.com/search?l=&q=gun%20control%20since%3A2018-03-05%20until%3A2018-03-08&src=typd&lang=en,@DavidWohl,David Wohl,"Hollywood libs demanded gun control last night, with two exceptions: The guns they use in movies to depict massive bloodshed, murder and mayhem and the guns their armed guards carry to protect them. Got it.",17,75,167,1520270438000,9:20 AM - 5 Mar 2018,/DavidWohl/status/970710690158714880,,March,neutral
1556481244-2075,https://twitter.com/search?l=&q=gun%20control%20since%3A2018-03-05%20until%3A2018-03-08&src=typd&lang=en,@WalshFreedom,Joe Walsh,"There are reports that Republicans in Congress will try to pass gun control measures next week.

If Republicans try to pass any gun control measures next week, they will deserve to lose control of Congress.",112,160,356,1520431670000,6:07 AM - 7 Mar 2018,/WalshFreedom/status/971386947322175488,,March,neutral
1556481244-2462,https://twitter.com/search?l=&q=gun%20control%20since%3A2018-03-05%20until%3A2018-03-08&src=typd&lang=en,@CathyYoung63,Cathy Young,This is a viewpoint that really needs to be understood by gun control advocates. https://twitter.com/TheIJR/status/969671316390506497 …,6,6,32,1520246588000,2:43 AM - 5 Mar 2018,/CathyYoung63/status/970610659053527040,,March,positive
1556481244-2109,https://twitter.com/search?l=&q=gun%20control%20since%3A2018-03-05%20until%3A2018-03-08&src=typd&lang=en,@willupdateyou,Will Update You,"Baltimore schools couldn't heat classrooms this winter, but the city can come up with $100,000 to bus students to D.C. and protest for more gun control laws, shame. #NRA #2A",3,20,32,1520403921000,10:25 PM - 6 Mar 2018,/willupdateyou/status/971270557999206401,,March,positive
1556481244-2086,https://twitter.com/search?l=&q=gun%20control%20since%3A2018-03-05%20until%3A2018-03-08&src=typd&lang=en,@atrupar,Aaron Rupar,"CRUZ: Cities with toughest gun control laws have highest crime rates.

CUOMO: No, that's not true. Here are some stats from Giffords Law Center that prove it.

CRUZ: The Giffords Center is a partisan source that's not reliable.

CUOMO: What's your source? The NRA?

CRUZ: ........ pic.twitter.com/m4q1ZIBFw9",91,544,1.3K,1520427548000,4:59 AM - 7 Mar 2018,/atrupar/status/971369659751641088,,March,negative
1556481244-2078,https://twitter.com/search?l=&q=gun%20control%20since%3A2018-03-05%20until%3A2018-03-08&src=typd&lang=en,@PolitiFact,PolitiFact,"Florida lawmaker mangles Nazi gun control history to argue against gun control. #guns #FloridaShooting #History
http://bit.ly/2Fur1sl pic.twitter.com/e33NRcEjzm",3,58,62,1520431304000,6:01 AM - 7 Mar 2018,/PolitiFact/status/971385413184172037,,March,neutral
1556481244-2382,https://twitter.com/search?l=&q=gun%20control%20since%3A2018-03-05%20until%3A2018-03-08&src=typd&lang=en,@michaeljknowles,Michael Knowles,"""Gun control is not just about the pleasures of conformity and the importance of trends, it's also a personal statement about the Left itself!"" https://twitter.com/snarkticonDM/status/970737200303411200 …",3,6,27,1520277084000,11:11 AM - 5 Mar 2018,/michaeljknowles/status/970738567688286208,,March,neutral
1556481244-2326,https://twitter.com/search?l=&q=gun%20control%20since%3A2018-03-05%20until%3A2018-03-08&src=typd&lang=en,@KGWNews,KGW News,Gov. Brown signs Oregon gun control law http://on.kgw.com/2FgRfPO pic.twitter.com/7eVGGGIKST,7,18,60,1520296805000,4:40 PM - 5 Mar 2018,/KGWNews/status/970821283985416192,,March,neutral
1556481244-1997,https://twitter.com/search?l=&q=gun%20control%20since%3A2018-03-05%20until%3A2018-03-08&src=typd&lang=en,@WittyApothecary,Beth - ⚔Broken Wolf ♿- Riley 🔮 🌙,"YES.

I'm an #ExVangelical, and you need to listen when people say that Evangelical Dominionist Nationalism is a HUGE threat to democracy (and gun control).

They think they have a RIGHT to a Theocracy, and they're willing to fight for it. 

#EmptyThePewshttps://twitter.com/JackSmithIV/status/971108734230585345 …",2,13,44,1520466688000,3:51 PM - 7 Mar 2018,/WittyApothecary/status/971533825867157506,,March,positive
1556481244-2196,https://twitter.com/search?l=&q=gun%20control%20since%3A2018-03-05%20until%3A2018-03-08&src=typd&lang=en,@owillis,Oliver Willis,"conservatives: look at all these pro-life teens!
*teens protest for gun control*
conservatives: nobody should listen to teens!",8,57,274,1520363674000,11:14 AM - 6 Mar 2018,/owillis/status/971101750785605632,,March,neutral
1556481244-2046,https://twitter.com/search?l=&q=gun%20control%20since%3A2018-03-05%20until%3A2018-03-08&src=typd&lang=en,@timnelson_mpr,Tim Nelson,"Heading up the hill now. Some are jogging this is moving so fast. Students are chanting ""Gun control! Now!"" pic.twitter.com/ScMxFoMlau",2,25,62,1520444519000,9:41 AM - 7 Mar 2018,/timnelson_mpr/status/971440839217041408,,March,positive
1556481244-2212,https://twitter.com/search?l=&q=gun%20control%20since%3A2018-03-05%20until%3A2018-03-08&src=typd&lang=en,@byronjr23,Tom Tolbert,Not the type of gun control I was looking for.....Ed Hochuli is taking his guns and calling it a career..,14,40,287,1520358289000,9:44 AM - 6 Mar 2018,/byronjr23/status/971079164609552384,,March,neutral
1556481244-2375,https://twitter.com/search?l=&q=gun%20control%20since%3A2018-03-05%20until%3A2018-03-08&src=typd&lang=en,@tommy_lowell,T Partain,"Democrats don't want to talk about Chicago, becauese they have no real answers. Gun Control hasn't worked there!",5,10,46,1520279300000,11:48 AM - 5 Mar 2018,/tommy_lowell/status/970747861351714816,,March,negative
1556481244-2210,https://twitter.com/search?l=&q=gun%20control%20since%3A2018-03-05%20until%3A2018-03-08&src=typd&lang=en,@RectorSun,Kevin Rector,RIGHT NOW IN BALTIMORE: Students march toward City Hall asking for gun control. pic.twitter.com/kfB5oDPyP5,553,11K,50K,1520358953000,9:55 AM - 6 Mar 2018,/RectorSun/status/971081951544270848,,March,positive
1556481244-2107,https://twitter.com/search?l=&q=gun%20control%20since%3A2018-03-05%20until%3A2018-03-08&src=typd&lang=en,@davepell,Dave Pell,"Another way of looking at this moment.

If we can’t get anything done on gun control this time, we’re fucked.

Don’t lose the momentum.",,4,32,1520405066000,10:44 PM - 6 Mar 2018,/davepell/status/971275360607330305,,March,negative
1556481244-2042,https://twitter.com/search?l=&q=gun%20control%20since%3A2018-03-05%20until%3A2018-03-08&src=typd&lang=en,@LevineJonathan,Jon Levine,"WATCH: Florida state Rep. Elizabeth Porter dismisses Florida shooting survivors calls for increased gun control.

""Do we allow the children to tell us that we should pass a law that says no homework?""

http://www.myfloridahouse.gov/Sections/Representatives/details.aspx?MemberId=4494&LegislativeTermId=86 …pic.twitter.com/iYBpePcpYG",7.3K,4.7K,7.4K,1520445756000,10:02 AM - 7 Mar 2018,/LevineJonathan/status/971446027214622720,,March,neutral
1556481244-2519,https://twitter.com/search?l=&q=gun%20control%20since%3A2018-03-05%20until%3A2018-03-08&src=typd&lang=en,@realginnyrobins,Ginny Robinson,Excited to hear more Hollywood gun control lecturing tonight as they are all surrounded by their round-the-clock armed guards. #Oscarspic.twitter.com/lUljUCb9ev,4,36,86,1520211671000,5:01 PM - 4 Mar 2018,/realginnyrobins/status/970464205840281602,,March,positive
1556481244-2532,https://twitter.com/search?l=&q=gun%20control%20since%3A2018-03-05%20until%3A2018-03-08&src=typd&lang=en,@sticksandloops,sticks and loops,"A2 I’m disappointed to see candidates, especially Democrats, stigmatize the mentally ill in the gun control debate. I wish they’d do their research and they’d then know mentally ill are not violent. #CripTheVote",,5,13,1520208879000,4:14 PM - 4 Mar 2018,/sticksandloops/status/970452492818493441,,March,negative
1556481244-2114,https://twitter.com/search?l=&q=gun%20control%20since%3A2018-03-05%20until%3A2018-03-08&src=typd&lang=en,@starsandstripes,Stars and Stripes,A bill prohibiting domestic abusers and people under restraining orders from owning firearms became America's first new gun control law since the Feb. 14 Florida high school massacre. https://www.stripes.com/news/us/oregon-governor-signs-first-gun-law-since-florida-massacre-1.515220 …,7,32,52,1520400000000,9:20 PM - 6 Mar 2018,/starsandstripes/status/971254113223634944,,March,positive
1556481244-2077,https://twitter.com/search?l=&q=gun%20control%20since%3A2018-03-05%20until%3A2018-03-08&src=typd&lang=en,@CloydRiversPics,Cloyd Rivers Pics,"Gun Control Solution: I’m goin’ to tell people my AR identifies as a handgun, and it’s not illegal, it’s “undocumented.” Merica.",,53,280,1520431473000,6:04 AM - 7 Mar 2018,/CloydRiversPics/status/971386119479873536,,March,positive
1556481244-2176,https://twitter.com/search?l=&q=gun%20control%20since%3A2018-03-05%20until%3A2018-03-08&src=typd&lang=en,@Liz_Wheeler,Liz Wheeler,"Liberals: If we don't act *now* to debate gun control, people will die!

Liberals: Also, sorry my PR agent thinks debate will make me look bad.",42,368,1.3K,1520370971000,1:16 PM - 6 Mar 2018,/Liz_Wheeler/status/971132357250961409,,March,negative
1556481244-2285,https://twitter.com/search?l=&q=gun%20control%20since%3A2018-03-05%20until%3A2018-03-08&src=typd&lang=en,@AP,The Associated Press,VIDEO: Oregon Democratic Governor Kate Brown signs new gun control law. http://apne.ws/ZZa77f5,32,370,1.3K,1520313586000,9:19 PM - 5 Mar 2018,/AP/status/970891665958490113,,March,positive
1556481244-2167,https://twitter.com/search?l=&q=gun%20control%20since%3A2018-03-05%20until%3A2018-03-08&src=typd&lang=en,@KatiePavlich,Katie Pavlich,"Gun control proponents want to make large swaths of widely owned firearms and accessories banned by law. Because there are serious legal implications for individuals who own them, accuracy of firearms terms matters a whole hell of a lot. https://twitter.com/erikwemple/status/971100126465941504 …",49,264,808,1520375084000,2:24 PM - 6 Mar 2018,/KatiePavlich/status/971149606804389888,,March,positive
1556481244-2266,https://twitter.com/search?l=&q=gun%20control%20since%3A2018-03-05%20until%3A2018-03-08&src=typd&lang=en,@PhxKen,Phx Ken,"I'M CURIOUS, DID THE LEFT KICK AND SCREAM FOR GUN CONTROL AFTER KATE STEINLE WAS MURDERED BY AN ILLEGAL IMMIGRANT? pic.twitter.com/Kme1LMtnQt",,21,25,1520334414000,3:06 AM - 6 Mar 2018,/PhxKen/status/970979026968784896,,March,negative
1556481244-2460,https://twitter.com/search?l=&q=gun%20control%20since%3A2018-03-05%20until%3A2018-03-08&src=typd&lang=en,@krassenstein,Brian Krassenstein,"It almost seem as if Sandy Hook actually marked the end of the US gun control debate for the NRA and Republicans. 

Once these people decided that killing children was bearable, the entire debate ended.

Since they won't debate it, we must act by putting people in power who will",69,1.2K,2.9K,1520247660000,3:01 AM - 5 Mar 2018,/krassenstein/status/970615153690492929,,March,positive
1556481244-2289,https://twitter.com/search?l=&q=gun%20control%20since%3A2018-03-05%20until%3A2018-03-08&src=typd&lang=en,@BSO,Robert Littal,It's called narrative deflection they don't want to address racism or police brutality so they try to change the narrative about disrespecting flag. Instead of dealing with gun control they blame video games & talk about arming teachers. It is just to distraction https://twitter.com/KayCSmooth/status/970875258294161410 …,1,66,84,1520309788000,8:16 PM - 5 Mar 2018,/BSO/status/970875736713236481,,March,neutral
1556481244-2128,https://twitter.com/search?l=&q=gun%20control%20since%3A2018-03-05%20until%3A2018-03-08&src=typd&lang=en,@RepThomasMassie,Thomas Massie,"Want to know which gun control bill Congress plans to pass next week? I blow the whistle in this video.

https://m.youtube.com/watch?v=9R_LuBwf76w&feature=youtu.be …",56,431,504,1520391610000,7:00 PM - 6 Mar 2018,/RepThomasMassie/status/971218923499778048,,March,neutral
1556481244-2520,https://twitter.com/search?l=&q=gun%20control%20since%3A2018-03-05%20until%3A2018-03-08&src=typd&lang=en,@Thomas1774Paine,Mike 'Thomas Paine' Moore,"WATCH: Former AG Eric Holder and David Hogg Unite, Push for Gun Control and Bash GOP Elected Officials http://ow.ly/IMs630iKcbC",129,136,115,1520211610000,5:00 PM - 4 Mar 2018,/Thomas1774Paine/status/970463950339964930,,March,neutral
1556481244-2202,https://twitter.com/search?l=&q=gun%20control%20since%3A2018-03-05%20until%3A2018-03-08&src=typd&lang=en,@voxdotcom,Vox,Students from Parkland and Chicago unite to expand the gun control conversation https://www.vox.com/identities/2018/3/6/17086426/parkland-chicago-students-gun-violence-race-activism?utm_campaign=vox&utm_content=chorus&utm_medium=social&utm_source=twitter …,4,44,113,1520362203000,10:50 AM - 6 Mar 2018,/voxdotcom/status/971095582008856576,,March,neutral
1556481244-2006,https://twitter.com/search?l=&q=gun%20control%20since%3A2018-03-05%20until%3A2018-03-08&src=typd&lang=en,@mnsebourn,Mitch Sebourn,"NRA lost its innocence when it got into politics.

40+ years of undermining gun control & churning up firearm sales? Yes, they’re part of the reason why any given nutjob can easily obtain an assault-style weapon that fires as easily as a paintball gun. They’ve helped saturate us.",38,82,1.9K,1520462835000,2:47 PM - 7 Mar 2018,/mnsebourn/status/971517664140152832,,March,positive
1556481244-2448,https://twitter.com/search?l=&q=gun%20control%20since%3A2018-03-05%20until%3A2018-03-08&src=typd&lang=en,@UnkleNeal,Neal,"You won't do anything. Maybe a watered down version of what you put out there last week.

DACA, gun control, meeting with the CBC, all con jobs. Now tariffs.

Just a fat lazy blowhard running out of things to tweet about while his administration crumbles down around him.

Resign.",1,10,35,1520253268000,4:34 AM - 5 Mar 2018,/UnkleNeal/status/970638676987383809,,March,negative
1556481244-2240,https://twitter.com/search?l=&q=gun%20control%20since%3A2018-03-05%20until%3A2018-03-08&src=typd&lang=en,@RT_com,RT,Australian-style gun control: Can US really learn from laws Down Under? https://on.rt.com/90jt pic.twitter.com/XErzWhnjt9,49,42,64,1520348883000,7:08 AM - 6 Mar 2018,/RT_com/status/971039712478744576,,March,positive
1556481244-2201,https://twitter.com/search?l=&q=gun%20control%20since%3A2018-03-05%20until%3A2018-03-08&src=typd&lang=en,@MarkSimoneNY,MARK SIMONE,"Interesting gun facts:
Total shootings in 2018:  9,547
Mass shooting deaths:   39  (0.41%)
Shootings in Chicago in 2018:   370
Solutions that don't target illegal handguns in the cities are missing 99% of the problem.
#GunControl",17,178,352,1520362746000,10:59 AM - 6 Mar 2018,/MarkSimoneNY/status/971097858555482112,,March,negative
1556481244-2453,https://twitter.com/search?l=&q=gun%20control%20since%3A2018-03-05%20until%3A2018-03-08&src=typd&lang=en,@EricMMatheny,Eric Matheny,Happy Monday! May you be as safe as the Hollywood elite was last night as they were protected by 500 heavily-armed men and women. #MondayMorning #mondaymotivation #Oscars #Oscars90 #GunControl pic.twitter.com/8nQrwCCyl9,2,43,50,1520251793000,4:09 AM - 5 Mar 2018,/EricMMatheny/status/970632487968956417,,March,positive
1556481244-2057,https://twitter.com/search?l=&q=gun%20control%20since%3A2018-03-05%20until%3A2018-03-08&src=typd&lang=en,@JuddLegum,Judd Legum,"Frustrated with inaction on gun control, some schools are banning backpacks https://goo.gl/cRHVKi pic.twitter.com/tgaJ7t4v4l",30,21,36,1520438724000,8:05 AM - 7 Mar 2018,/JuddLegum/status/971416536459161600,,March,negative
1556481244-2436,https://twitter.com/search?l=&q=gun%20control%20since%3A2018-03-05%20until%3A2018-03-08&src=typd&lang=en,@yearyps,Patrick Yeary,"Yeah... How's that gun control working for ya, Chicago?",7,5,66,1520259326000,6:15 AM - 5 Mar 2018,/yearyps/status/970664083027648513,,March,neutral
1556481244-2032,https://twitter.com/search?l=&q=gun%20control%20since%3A2018-03-05%20until%3A2018-03-08&src=typd&lang=en,@BHSmarch4lives,BHS Student Walk Out,"Welcome. We are the students behind the BHS initiative to support student organizers from Marjory Stoneman Douglas High School. Follow us for information on plans to advocate, campaign and lead measures for comprehensive gun control legislation.",3,14,31,1520449631000,11:07 AM - 7 Mar 2018,/BHSmarch4lives/status/971462281463848960,,March,positive
1556481244-2204,https://twitter.com/search?l=&q=gun%20control%20since%3A2018-03-05%20until%3A2018-03-08&src=typd&lang=en,@JimMFelton,James Felton,"Everybody: 
We need better gun control laws

Trump:
Bring. Me. More. Elephant. Skulls. https://twitter.com/thehill/status/970790333528395776 …",4,69,157,1520361323000,10:35 AM - 6 Mar 2018,/JimMFelton/status/971091889469448194,,March,positive
1556481244-2260,https://twitter.com/search?l=&q=gun%20control%20since%3A2018-03-05%20until%3A2018-03-08&src=typd&lang=en,@SafetyPinDaily,SafetyPin-Daily,"An Illinois gun show bans AR-15 sales, landing it at the center of a national gun-control debate | By; Mark Guarino http://a.msn.com/01/en-us/BBJRMSi?ocid=st …",2,49,85,1520338389000,4:13 AM - 6 Mar 2018,/SafetyPinDaily/status/970995698006151168,,March,negative
1556481244-2024,https://twitter.com/search?l=&q=gun%20control%20since%3A2018-03-05%20until%3A2018-03-08&src=typd&lang=en,@Pappiness,Nick Jack Pappas,"The only thing that scares Betsy DeVos more than grizzly bears in schools are engaged students who want to have a real conversation about gun control.

#NeverAgain",38,483,1.3K,1520452773000,11:59 AM - 7 Mar 2018,/Pappiness/status/971475459333677056,,March,positive
1556481244-2089,https://twitter.com/search?l=&q=gun%20control%20since%3A2018-03-05%20until%3A2018-03-08&src=typd&lang=en,@Shawtypepelina,🦋 💗ЅℋᎯᏇᏆᎽ 💗 🦋The Kaitee Project 🤰🏻 🤱🏻,"Woman claims airport security confiscated her gun necklace because it was  'potentially dangerous' This necklace charm was a present from her late husband who died in 2001!  #NotFakeNews #WednesdayWisdom #London #GunControl 
http://fxn.ws/2I8UOF9  #FoxNewspic.twitter.com/10pcyRBGxQ",31,123,102,1520426815000,4:46 AM - 7 Mar 2018,/Shawtypepelina/status/971366585402245122,,March,negative
1556481244-2511,https://twitter.com/search?l=&q=gun%20control%20since%3A2018-03-05%20until%3A2018-03-08&src=typd&lang=en,@AmyBrenneman,Amy Brenneman,.@_juliannemoore - so inspired by the active role you’ve taken in gun control reform via @Everytown. You said #enoughisenough and stepped up to the plate in a major way. Thank you. #HereWeAre,15,221,1.3K,1520214742000,5:52 PM - 4 Mar 2018,/AmyBrenneman/status/970477086791024641,,March,negative
1556481244-2278,https://twitter.com/search?l=&q=gun%20control%20since%3A2018-03-05%20until%3A2018-03-08&src=typd&lang=en,@ClichedOut,discount alien skier  👽 👽 👽,"gun control isn't the answer, it's more teletubbies",3,14,46,1520320234000,11:10 PM - 5 Mar 2018,/ClichedOut/status/970919552627367936,,March,positive
1556481244-2328,https://twitter.com/search?l=&q=gun%20control%20since%3A2018-03-05%20until%3A2018-03-08&src=typd&lang=en,@ipfconline1,ipfconline,"Machine Learnings — Creepy AI surveillance, Strokes, and Gun Control - Machine Learnings — Creepy AI surveillance, Strokes, and Gun Control Source Awesome, not awesome. #Awesome “[Viz] has trained machine-learning algorithms similar to those that an i...http://ow.ly/iTC850gJDw6",,12,14,1520295464000,4:17 PM - 5 Mar 2018,/ipfconline1/status/970815658811371525,,March,positive
1556481244-2066,https://twitter.com/search?l=&q=gun%20control%20since%3A2018-03-05%20until%3A2018-03-08&src=typd&lang=en,@SocialPowerOne1,#TheResistance,Chris Cuomo busts Ted Cruz for lying about gun control http://ift.tt/2Havuxp,6,83,111,1520434171000,6:49 AM - 7 Mar 2018,/SocialPowerOne1/status/971397436345286656,,March,neutral
1556481244-2267,https://twitter.com/search?l=&q=gun%20control%20since%3A2018-03-05%20until%3A2018-03-08&src=typd&lang=en,@wmalnews,WMAL News,Florida Senate passes a new slate of gun control measures in wake of Parkland shootings http://ow.ly/vOnX30iMhYX  #guncontrol #Parklandpic.twitter.com/rbcoN3Zqvg,,8,7,1520332219000,2:30 AM - 6 Mar 2018,/wmalnews/status/970969820073267200,,March,positive
1556481244-1979,https://twitter.com/search?l=&q=gun%20control%20since%3A2018-03-05%20until%3A2018-03-08&src=typd&lang=en,@blazingactivist,Blazing 💥 💫,"One student is dead and 2 others are injured from what the police are calling an ""accidental"" shooting at Huffman High school in Alabama. How do you just accidentally shoot someone? Every other day, I read about a new school shooting. It is NOT too early to discuss gun control.",222,2.2K,4.6K,1520464278000,3:11 PM - 7 Mar 2018,/blazingactivist/status/971523717300916226,,March,positive
1556481244-2241,https://twitter.com/search?l=&q=gun%20control%20since%3A2018-03-05%20until%3A2018-03-08&src=typd&lang=en,@WilDonnelly,Facts Do Matter,"Is no one on the right curious about why a country with strict gun control laws are funneling millions of dollars to the NRA?
http://www.mcclatchydc.com/news/nation-world/national/article203536484.html …",6,149,203,1520348752000,7:05 AM - 6 Mar 2018,/WilDonnelly/status/971039162685157381,,March,positive
1556481244-2457,https://twitter.com/search?l=&q=gun%20control%20since%3A2018-03-05%20until%3A2018-03-08&src=typd&lang=en,@voxdotcom,Vox,The media is talking more about gun control than we were at this point after Sandy Hook: http://bit.ly/2F9zXDV pic.twitter.com/E4x3UKubw8,2,23,60,1520248505000,3:15 AM - 5 Mar 2018,/voxdotcom/status/970618697445527554,,March,positive
1556481244-2142,https://twitter.com/search?l=&q=gun%20control%20since%3A2018-03-05%20until%3A2018-03-08&src=typd&lang=en,@TigNotaro,Tig Notaro,"That’s it for me! Thanks Tig! If you liked what you read, come follow me over @kyleewert. Go see shows @ucbtny and you’ll see me eventually!

Register to vote. Vote for gun control candidates. Believe women. Black Lives Matter. Puerto Rico and Flint still need our help! Be kind.",,6,29,1520384206000,4:56 PM - 6 Mar 2018,/TigNotaro/status/971187868096978947,,March,positive
1556481244-2536,https://twitter.com/search?l=&q=gun%20control%20since%3A2018-03-05%20until%3A2018-03-08&src=typd&lang=en,@RealDonalDrumpf,Donald J. Drumpf,"Please note, all my future remarks about steel tariffs, gun control and what a terrific guy Ryan Seacrest is will be broadcast on a 30-second delay. #Oscars",1,9,37,1520208430000,4:07 PM - 4 Mar 2018,/RealDonalDrumpf/status/970450612138774534,,March,neutral
1556481244-2504,https://twitter.com/search?l=&q=gun%20control%20since%3A2018-03-05%20until%3A2018-03-08&src=typd&lang=en,@MarkSimoneNY,MARK SIMONE,"Did Jimmy Kimmel actually have the nerve to call for gun control at the Oscars?  That audience in the theater, they’re the group and the industry that for 100 years has done more to glorify gun violence than anyone on earth. #Oscar2018",121,931,2.1K,1520216107000,6:15 PM - 4 Mar 2018,/MarkSimoneNY/status/970482809797251072,,March,positive
1556481244-2235,https://twitter.com/search?l=&q=gun%20control%20since%3A2018-03-05%20until%3A2018-03-08&src=typd&lang=en,@j_gitts19,The Baron of Blacksburg ™️,Everything EXCEPT gun control US is a whole joke rn instead of helping a problem people are profiting from a temporary solution smh https://twitter.com/ajplus/status/970937779495596032 …,,13,28,1520350689000,7:38 AM - 6 Mar 2018,/j_gitts19/status/971047288884867072,,March,positive
1556481244-2288,https://twitter.com/search?l=&q=gun%20control%20since%3A2018-03-05%20until%3A2018-03-08&src=typd&lang=en,@SandraTXAS,Տᗩᑎᗪᖇᗩ ن,"Anyone using 1st amendment rights on internet to tell me 2nd only covers muskets b/c AR not invented yet
Get off your computer and write me a letter with a quill pen and have it delivered by a guy on a horse

#DIVIDEDSTATES 
#resist the #Resistance
#MAGA 
no #GunControl pic.twitter.com/3A3YePz0CL",137,941,1.6K,1520311295000,8:41 PM - 5 Mar 2018,/SandraTXAS/status/970882059609755648,,March,neutral
1556481244-2079,https://twitter.com/search?l=&q=gun%20control%20since%3A2018-03-05%20until%3A2018-03-08&src=typd&lang=en,@TwitchyTeam,Twitchy Team,'On a ROLL'! Kyle Kashuv OWNED David Hogg et al. on gun control (and didn't break a sweat!) https://twitchy.com/sarahd-313035/2018/03/06/on-a-roll-kyle-kashuv-just-owned-david-hogg-et-al-on-gun-control-and-didnt-break-a-sweat/ …,3,50,119,1520431238000,6:00 AM - 7 Mar 2018,/TwitchyTeam/status/971385137161232384,,March,neutral
1556481244-2254,https://twitter.com/search?l=&q=gun%20control%20since%3A2018-03-05%20until%3A2018-03-08&src=typd&lang=en,@JBrooks191,Jim Brooks,"On a Tuesday in a televised meeting, Trump pretended to be reasonable and said he’d sign a bipartisan deal. On Thursday he refused. He did the same thing with gun control. You can’t believe one word that comes out of his mouth.",15,21,226,1520341600000,5:06 AM - 6 Mar 2018,/JBrooks191/status/971009167933755392,,March,positive
1556481244-2527,https://twitter.com/search?l=&q=gun%20control%20since%3A2018-03-05%20until%3A2018-03-08&src=typd&lang=en,@GoldBaron08,"A. Dru ""Twitmo"" Kristenev","It proves that @EricHolder's mentality has never evolved beyond that of a 17-year-old. In which case, according to @davidhogg111's logic, Holder shouldn't be allowed near a gun either. http://canadafreepress.com/article/contradiction-trust-our-arguments-and-reason-when-we-say-we-are-too-immatur …
@crazygranny56 @Fingersflying @dcexaminer @VeronicaCoffin #GunControl https://twitter.com/dcexaminer/status/970291783476371456 …",,7,5,1520209799000,4:29 PM - 4 Mar 2018,/GoldBaron08/status/970456352903409664,,March,positive
1556481244-2175,https://twitter.com/search?l=&q=gun%20control%20since%3A2018-03-05%20until%3A2018-03-08&src=typd&lang=en,@CamEdwards,Cam Edwards,"Baltimore schools couldn't heat classrooms this winter, but the city can come up with $100,000 to bus students to D.C. and protest for more gun control laws. https://twitter.com/RectorSun/status/971101719085150208 …",119,1.4K,2.0K,1520371206000,1:20 PM - 6 Mar 2018,/CamEdwards/status/971133343969538049,,March,positive
1556481244-2047,https://twitter.com/search?l=&q=gun%20control%20since%3A2018-03-05%20until%3A2018-03-08&src=typd&lang=en,@politico,POLITICO,Opinion: Want gun control laws? Forget Congress. http://politi.co/2D7AqAQ  via @politicomagpic.twitter.com/70VD3y95hV,10,22,46,1520443806000,9:30 AM - 7 Mar 2018,/politico/status/971437851677220864,,March,neutral
1556481244-2093,https://twitter.com/search?l=&q=gun%20control%20since%3A2018-03-05%20until%3A2018-03-08&src=typd&lang=en,@watspn1013,Jean,"VA Delegate Nick Freitas (R-30) took Democrats to task over gun control, welfare policies, slavery, Jim Crow laws & opposition to arming teachers for self-defense.He spoke after a gun control deluge from Democrats targeting Republicans. http://www.breitbart.com/big-government/2018/03/06/watch-virginia-delegate-takes-democrats-task-slavery-broken-homes-gun-control/?utm_source=feedburner&utm_medium=feed&utm_campaign=Feed%3A+breitbart+%28Breitbart+News%29 …",16,229,327,1520422727000,3:38 AM - 7 Mar 2018,/watspn1013/status/971349437544042496,,March,neutral
1556481244-2096,https://twitter.com/search?l=&q=gun%20control%20since%3A2018-03-05%20until%3A2018-03-08&src=typd&lang=en,@Reuters,Reuters Top News,Republican lawmakers in tight races now embrace gun control measures http://reut.rs/2FiUUwt,60,99,145,1520421029000,3:10 AM - 7 Mar 2018,/Reuters/status/971342315213205505,,March,negative
1556481244-2174,https://twitter.com/search?l=&q=gun%20control%20since%3A2018-03-05%20until%3A2018-03-08&src=typd&lang=en,@SteveWestly,Steve Westly,"""we can’t build our world out of Kevlar"".

Well said! We need to get to the root of the issue and pass real gun control legislation now. https://twitter.com/Emma4Change/status/971061324426997760 …",14,82,383,1520372038000,1:33 PM - 6 Mar 2018,/SteveWestly/status/971136832309096448,,March,positive
1556481244-2472,https://twitter.com/search?l=&q=gun%20control%20since%3A2018-03-05%20until%3A2018-03-08&src=typd&lang=en,@SafetyPinDaily,SafetyPin-Daily,Gun control activists see surge of support after Florida shooting || By; Adam Gabbatt https://www.theguardian.com/us-news/2018/mar/03/gun-control-activists-support-florida-shooting-moms-demand-action?CMP=share_btn_tw …,1,15,31,1520230989000,10:23 PM - 4 Mar 2018,/SafetyPinDaily/status/970545229542711297,,March,neutral
1556481244-2236,https://twitter.com/search?l=&q=gun%20control%20since%3A2018-03-05%20until%3A2018-03-08&src=typd&lang=en,@bluestein,Greg Bluestein,"The race for #ga06 just got a new contender: @lucymcbath, a high-profile gun control advocate, just entered the race. She said she was frustrated with gridlock in Congress after the latest mass shootings. #gapol http://politics.myajc.com/blog/politics/high-profile-gun-control-advocate-enters-georgia-6th-district-race/yR5JoktI4q7Enh41Lpk2ZL/ …",9,131,265,1520350536000,7:35 AM - 6 Mar 2018,/bluestein/status/971046645612892160,,March,negative
1556481244-2500,https://twitter.com/search?l=&q=gun%20control%20since%3A2018-03-05%20until%3A2018-03-08&src=typd&lang=en,@clwh1957,Gigi,"See-Graham is ONLY concerned with the congressionalGOP being re-elected(or we’ll get hurt),NOT acting on gun control because masses of students & innocents are being slaughtered & IT HAS TO STOP",,7,20,1520218157000,6:49 PM - 4 Mar 2018,/clwh1957/status/970491411039707136,,March,neutral
1556481244-2060,https://twitter.com/search?l=&q=gun%20control%20since%3A2018-03-05%20until%3A2018-03-08&src=typd&lang=en,@WAGV,WomenAgainstGunViol,"Students will be holding a sit-in protest for gun control at Senate Majority Leader Mitch McConnell's office in the Russell Office Building from 1:00PM-3:00PM EST today! Please RT.
https://www.facebook.com/events/2034980156512922/ … pic.twitter.com/vnRTYnjzWA",4,30,43,1520437700000,7:48 AM - 7 Mar 2018,/WAGV/status/971412241210793985,,March,neutral
1556481244-2470,https://twitter.com/search?l=&q=gun%20control%20since%3A2018-03-05%20until%3A2018-03-08&src=typd&lang=en,@AnneRutt,nanafordems,"I'm a Boomer who protested the Vietnam War. Never owned a gun & never will. Been advocating for gun control since Reagan. I don't think all gun owners are killers & am not 4 abolishing the 2nd Amend. However it 
s/b practiced in the spirit written & not as it's evolved.",8,19,296,1520232272000,10:44 PM - 4 Mar 2018,/AnneRutt/status/970550613502078976,,March,neutral
1556481244-2069,https://twitter.com/search?l=&q=gun%20control%20since%3A2018-03-05%20until%3A2018-03-08&src=typd&lang=en,@hickorymtnman,Robbus Deplorablus,"2 Reasons this is a smart move by Senate Majority leader

1 It allows things to cool off when emotions run high after a tragedy. Emotions make bad policies

2 It moves the gun control debate closer to the midterms, so dems have anti gun votes on record

http://bit.ly/2CXLm3W",16,168,219,1520433523000,6:38 AM - 7 Mar 2018,/hickorymtnman/status/971394718939656192,,March,positive
1556481244-2507,https://twitter.com/search?l=&q=gun%20control%20since%3A2018-03-05%20until%3A2018-03-08&src=typd&lang=en,@MSNBC,MSNBC,WATCH: Joy Reid spars with Florida Rep. Matt Gaetz over gun control http://on.msnbc.com/2H4ksK8,176,151,475,1520215445000,6:04 PM - 4 Mar 2018,/MSNBC/status/970480036250882048,,March,positive
1556481244-2014,https://twitter.com/search?l=&q=gun%20control%20since%3A2018-03-05%20until%3A2018-03-08&src=typd&lang=en,@RedNationRising,Red Nation Rising,LISTEN: Thomas Massie warning on gun control. They are using 'Fix NICS' to disarm #vets. Vets need to be careful what they say to the VA! https://youtu.be/9R_LuBwf76w,3,35,27,1520458692000,1:38 PM - 7 Mar 2018,/RedNationRising/status/971500287222480897,,March,negative
1556481244-2190,https://twitter.com/search?l=&q=gun%20control%20since%3A2018-03-05%20until%3A2018-03-08&src=typd&lang=en,@APWestRegion,AP West Region,"Oregon has become the first state to pass a gun control measure after last month's deadly shooting in Parkland, Florida. Story: http://apne.ws/xr7wtTw pic.twitter.com/JWXisvp15a",55,424,1.3K,1520365900000,11:51 AM - 6 Mar 2018,/APWestRegion/status/971111089101557760,,March,positive
1556481244-2205,https://twitter.com/search?l=&q=gun%20control%20since%3A2018-03-05%20until%3A2018-03-08&src=typd&lang=en,@notaxation,Colin Moriarty,"Meet @TianaTheFirst, writer at @NRO, Founding Editor of the @USC Economics Review, and political podcaster.

On today's politically-charged episode of Fireside Chats, we discuss gun control, Donald Trump, conservatism vs. liberalism, and much more.

Enjoy! https://www.patreon.com/posts/colins-last-27-17259972 …pic.twitter.com/0ApqaM8XnK",4,6,98,1520361077000,10:31 AM - 6 Mar 2018,/notaxation/status/971090859583156224,,March,positive
1556481244-2350,https://twitter.com/search?l=&q=gun%20control%20since%3A2018-03-05%20until%3A2018-03-08&src=typd&lang=en,@lordjamar,Lord Jamar,Lord Jamar Rah Digga talk GUN CONTROL; Review NIPSEY HUSSLE ROC MARCI albums https://audioboom.com/posts/6707444-lord-jamar-rah-digga-talk-gun-control-review-nipsey-hussle-roc-marci-albums … via @Audioboom,,12,22,1520287681000,2:08 PM - 5 Mar 2018,/lordjamar/status/970783014971113472,,March,neutral
1556481244-2105,https://twitter.com/search?l=&q=gun%20control%20since%3A2018-03-05%20until%3A2018-03-08&src=typd&lang=en,@DrLee4America,DrLee MD 4 Freedom 🇺🇸,"#GunRegistration gutting #2A via #medical database was #Democrat plan #Obamacare using electronic records #EMR. Definitely occurring now.
#2ADefenders @NRA #NRA 

#GunControl & #HealthCare Control are both People Control .. https://www.youtube.com/watch?v=iTXZXY0fFmo …pic.twitter.com/OVuXQd4dYu",7,163,200,1520405740000,10:55 PM - 6 Mar 2018,/DrLee4America/status/971278189594071040,,March,neutral
1556481244-2262,https://twitter.com/search?l=&q=gun%20control%20since%3A2018-03-05%20until%3A2018-03-08&src=typd&lang=en,@_MoCowBell_,Cowntess The Cowllaborator,"Oh look  

#GunSense #GunControl , blatantly projecting it’s racism and islamophobia for all to see !

#2A 
#RKBA is every law abiding American’s Right .

Screw your Bigotry!pic.twitter.com/1tuoyUV2Lw",6,10,18,1520336999000,3:49 AM - 6 Mar 2018,/_MoCowBell_/status/970989867814539264,,March,negative
1556481244-2315,https://twitter.com/search?l=&q=gun%20control%20since%3A2018-03-05%20until%3A2018-03-08&src=typd&lang=en,@SiddonsDan,dan siddons  📅,"Retweet: .@DLoesch for handling @CNN’s gun control town hall, like a BADASS BOSS #2Apic.twitter.com/4DRlDWmdVl",,35,59,1520299628000,5:27 PM - 5 Mar 2018,/SiddonsDan/status/970833122903326722,,March,neutral
1556481244-2452,https://twitter.com/search?l=&q=gun%20control%20since%3A2018-03-05%20until%3A2018-03-08&src=typd&lang=en,@SafetyPinDaily,SafetyPin-Daily,People from countries with strict gun control explain how life is different compared to the US | Businessinsider http://read.bi/2tbmIgr,,20,25,1520251815000,4:10 AM - 5 Mar 2018,/SafetyPinDaily/status/970632583024381953,,March,neutral
1556481244-2360,https://twitter.com/search?l=&q=gun%20control%20since%3A2018-03-05%20until%3A2018-03-08&src=typd&lang=en,@becher_casey,casey becher  🏳️‍🌈 🌊 🦅,"A warning to my enemies: If crossed, I WILL aggressively turn over an hourglass without breaking eye contact. DO NOT test me on this, because I don’t have one yet. #NEVERAGAIN #EnoughIsEnough #GunReformNow #marchforourlives #GunControl https://twitter.com/nratv/status/970402289742618624 …",2,2,27,1520284008000,1:06 PM - 5 Mar 2018,/becher_casey/status/970767608122368000,,March,neutral
1556481244-1984,https://twitter.com/search?l=&q=gun%20control%20since%3A2018-03-05%20until%3A2018-03-08&src=typd&lang=en,@townhallcom,Townhall.com,Joe Scarborough Gets Mauled by Ted Cruz in Gun Control Debate https://townhall.com/tipsheet/chrisreeves/2018/03/07/ted-cruz-battles-with-morning-joe-over-gun-control-n2458592 …,11,55,89,1520462195000,2:36 PM - 7 Mar 2018,/townhallcom/status/971514978393092097,,March,neutral
1556481244-2505,https://twitter.com/search?l=&q=gun%20control%20since%3A2018-03-05%20until%3A2018-03-08&src=typd&lang=en,@Thomas1774Paine,Mike 'Thomas Paine' Moore,Oscars: Celebrities Push Gun Control Surrounded by a Wall of 500 Rifle-Wielding SWAT Officers http://ow.ly/hNyB30iKcim,96,982,1.3K,1520216103000,6:15 PM - 4 Mar 2018,/Thomas1774Paine/status/970482792411942912,,March,neutral
1556481244-2155,https://twitter.com/search?l=&q=gun%20control%20since%3A2018-03-05%20until%3A2018-03-08&src=typd&lang=en,@AJMann75,Amy  🦄,"I love being punished for a lifelong illness/disability/condition that I had no control over -- said no one ever.  If it's not gun violence, it'll be lack of healthcare or pollution that will knock us off.  Wasn't there a movie about that already?",6,28,145,1520378681000,3:24 PM - 6 Mar 2018,/AJMann75/status/971164695896801280,,March,positive
1556481244-2221,https://twitter.com/search?l=&q=gun%20control%20since%3A2018-03-05%20until%3A2018-03-08&src=typd&lang=en,@jaisalnoor,Jaisal Noor,Happening now: Baltimore students walkout to demand action on gun control  #GunsDownGradeUp march to City Hallpic.twitter.com/R1dfjKSAvp,,28,38,1520354587000,8:43 AM - 6 Mar 2018,/jaisalnoor/status/971063636390240256,,March,positive
1556481244-2029,https://twitter.com/search?l=&q=gun%20control%20since%3A2018-03-05%20until%3A2018-03-08&src=typd&lang=en,@SteveDeaceShow,Steve Deace,"I agree but the good news for Democrats is if GOP follows through on gun control and amnesty, like they're threatening, they'll so depress their base Democrats will be in charge of Congress next year. When they can have all the hearings they want. https://twitter.com/vermontgmg/status/971376808884129792 …",5,15,33,1520450668000,11:24 AM - 7 Mar 2018,/SteveDeaceShow/status/971466630072098818,,March,negative
1556481244-2222,https://twitter.com/search?l=&q=gun%20control%20since%3A2018-03-05%20until%3A2018-03-08&src=typd&lang=en,@TheDemCoalition,Democratic Coalition,It's a start: @OregonGovBrown has signed into law a bill that bans anyone with a domestic violence conviction from owning a weapon. It’s the first new gun control bill in the country since the Florida high school shooting. http://thehill.com/homenews/state-watch/376893-oregon-becomes-first-state-to-add-new-gun-law-since-parkland-shooting#.Wp7D9z7RyB4.twitter … #NeverAgain,6,84,153,1520354332000,8:38 AM - 6 Mar 2018,/TheDemCoalition/status/971062569460027392,,March,positive
1556481244-1982,https://twitter.com/search?l=&q=gun%20control%20since%3A2018-03-05%20until%3A2018-03-08&src=typd&lang=en,@Rkid5TV,rachael,me and students from 30 different high schools in my state walked out of school and marched to the capitol for better gun control laws today. change is now pic.twitter.com/4UaQwQgXIk,,1,16,1520464256000,3:10 PM - 7 Mar 2018,/Rkid5TV/status/971523621326917632,,March,positive
1556481244-2293,https://twitter.com/search?l=&q=gun%20control%20since%3A2018-03-05%20until%3A2018-03-08&src=typd&lang=en,@OWHnews,Omaha World-Herald,OPS board calls for stricter gun control and pushes back against plans to arm teachers http://on.omaha.com/2oKYvZB,9,23,145,1520307445000,7:37 PM - 5 Mar 2018,/OWHnews/status/970865912071979009,,March,neutral
1556481244-2062,https://twitter.com/search?l=&q=gun%20control%20since%3A2018-03-05%20until%3A2018-03-08&src=typd&lang=en,@wef,World Economic Forum,American businesses are taking a stand on gun control http://wef.ch/2FkK74Y  #gun control pic.twitter.com/GzgGnlvokf,4,19,24,1520436602000,7:30 AM - 7 Mar 2018,/wef/status/971407632237039616,,March,neutral
1556481244-2434,https://twitter.com/search?l=&q=gun%20control%20since%3A2018-03-05%20until%3A2018-03-08&src=typd&lang=en,@JumzyRau,LeiliHana,NRA propaganda straight out of Goebbels' book: Lie blatantly& repeatedly; accuse the opposition of everything you're guilty of; play the victim. Repeat. They brainwash fools into believing that wanting sensible gun-control laws (that have worked in other countries) is unpatriotic,1,15,53,1520260327000,6:32 AM - 5 Mar 2018,/JumzyRau/status/970668281601429509,,March,negative
1556481244-2357,https://twitter.com/search?l=&q=gun%20control%20since%3A2018-03-05%20until%3A2018-03-08&src=typd&lang=en,@WisePaxCat,Wise Pax[REDACTED]Cat  ⬛️ ⬛️ ⬛️ ⬛️,"Aw.  Thoughts and prayers, Ted.

Cruz caught in election-year bind on gun control http://a.msn.com/01/en-us/BBJTRto?ocid=st …",2,15,31,1520285440000,1:30 PM - 5 Mar 2018,/WisePaxCat/status/970773616680878080,,March,neutral
1556481244-2151,https://twitter.com/search?l=&q=gun%20control%20since%3A2018-03-05%20until%3A2018-03-08&src=typd&lang=en,@BarbLusco,barbsbuzz,We remember every gun tragedy. We will not forget. We will fix it with our votes and new gun control laws.,1,10,24,1520381037000,4:03 PM - 6 Mar 2018,/BarbLusco/status/971174579526864896,,March,positive
1556481244-2349,https://twitter.com/search?l=&q=gun%20control%20since%3A2018-03-05%20until%3A2018-03-08&src=typd&lang=en,@pbalonon_rosen,Peter Balonon-Rosen,Does a company's stance on gun control/abortion/immigration/LGBTQ issues/YOU NAME IT influence whether you buy their product? Let us at @Marketplace know.https://www.marketplace.org/2018/03/05/world/does-companys-stance-issues-change-how-you-shop …,23,10,14,1520288078000,2:14 PM - 5 Mar 2018,/pbalonon_rosen/status/970784678851629056,,March,neutral
1556481244-1991,https://twitter.com/search?l=&q=gun%20control%20since%3A2018-03-05%20until%3A2018-03-08&src=typd&lang=en,@OANN,One America News,"Tonight's Tipping Points: Sanctuary Cities, Gun Control, & Women's March!: http://youtu.be/9WjM_7J019E?a  via @YouTube",6,20,62,1520465518000,3:31 PM - 7 Mar 2018,/OANN/status/971528916425957381,,March,neutral
1556481244-2468,https://twitter.com/search?l=&q=gun%20control%20since%3A2018-03-05%20until%3A2018-03-08&src=typd&lang=en,@kharyp,"Khary Penebaker, Fx","& find solace at the end of a barrel of a gun. I don’t deserve any of this. But I refuse to let it control me. 

We have a chance to not just change the world as a whole, but to change someone’s life, to save someone’s life & spare their family from my never-ending nightmare",17,34,196,1520233057000,10:57 PM - 4 Mar 2018,/kharyp/status/970553902398656512,,March,positive
1556481244-2374,https://twitter.com/search?l=&q=gun%20control%20since%3A2018-03-05%20until%3A2018-03-08&src=typd&lang=en,@bigleaguepol,Big League Politics,Who is actually behind David Hogg's gun control push? https://bigleaguepolitics.com/exclusive-evidence-david-hoggs-liberal-mother-run-twitter-account/ …,7,24,29,1520279400000,11:50 AM - 5 Mar 2018,/bigleaguepol/status/970748282203983872,,March,negative
1556481244-2302,https://twitter.com/search?l=&q=gun%20control%20since%3A2018-03-05%20until%3A2018-03-08&src=typd&lang=en,@AmoneyResists,Andrew Wortman,Arming some school personnel is not gun control. https://twitter.com/npr/status/970852231070203905 …,,21,49,1520304230000,6:43 PM - 5 Mar 2018,/AmoneyResists/status/970852426097053696,,March,neutral
1556481244-2305,https://twitter.com/search?l=&q=gun%20control%20since%3A2018-03-05%20until%3A2018-03-08&src=typd&lang=en,@WayneDupreeShow,Wayne Dupree |  🎤,I hope most of you use this quote when dealing with gun-control nuts #RealTalk #WaynesTake #conservative #republican #guncontrol #gunsense @NRA #NRANewspic.twitter.com/os4zSu5w1K,25,294,525,1520303417000,6:30 PM - 5 Mar 2018,/WayneDupreeShow/status/970849015498727427,,March,positive
1556481244-2512,https://twitter.com/search?l=&q=gun%20control%20since%3A2018-03-05%20until%3A2018-03-08&src=typd&lang=en,@AngeloJohnGage,Angelo John Gage,I'm not watching the stupid #Oscars so I might as well broadcast a live periscope to talk about #GunControl #GunSen…https://www.pscp.tv/w/bWyZXDFEWUtYa3dxeGdBUWd8MXluSk9BWE5tZHdLUshThfvLX8h63QwjwZLVmvOlpVGe2vkRWhtMq4b6-J2y …,5,22,50,1520214492000,5:48 PM - 4 Mar 2018,/AngeloJohnGage/status/970476037971693568,,March,negative
1556481244-2275,https://twitter.com/search?l=&q=gun%20control%20since%3A2018-03-05%20until%3A2018-03-08&src=typd&lang=en,@politicalmath,PoliMath,"Bethany: I was orphaned at 19, I know what hardship is.
Upper class left wing activist who literally makes money off gun control: yeah, but ur white so fuck you. https://twitter.com/neontaster/status/970845742049976320 …",3,26,94,1520321128000,11:25 PM - 5 Mar 2018,/politicalmath/status/970923301135511552,,March,negative
1556481244-2455,https://twitter.com/search?l=&q=gun%20control%20since%3A2018-03-05%20until%3A2018-03-08&src=typd&lang=en,@DanaPerino,Dana Perino,"Listened to these students describe their experience in Parkland, sometimes all talking at once. Not about gun control - but how their lives are forever changed.   https://itunes.apple.com/us/podcast/the-daily/id1200361736?mt=2#episodeGuid=gid%3A%2F%2Fart19-episode-locator%2FV0%2F3fPf-qmgevT7j7O5mgFVROqHjCBbhcmQ5yTSpoPDE-s …",22,12,154,1520251158000,3:59 AM - 5 Mar 2018,/DanaPerino/status/970629824573304833,,March,neutral
1556481244-2521,https://twitter.com/search?l=&q=gun%20control%20since%3A2018-03-05%20until%3A2018-03-08&src=typd&lang=en,@bennydiego,bennydiego✯,Trump is a master of deflection.  What are we concerned with now? Trade Wars. We are hearing less about gun control. He is deflecting his reversal on gun control and his ties to the NRA. #NeverAgain  #MarchForOurLives #VoteThemOutpic.twitter.com/4qHi7CydSS,8,49,41,1520211286000,4:54 PM - 4 Mar 2018,/bennydiego/status/970462590710067201,,March,negative
1556481244-2203,https://twitter.com/search?l=&q=gun%20control%20since%3A2018-03-05%20until%3A2018-03-08&src=typd&lang=en,@Gormogons,The Gormogons,"GP So city employees on city time will use city funds to pay for buses for kids to go to Washington to lobby for gun control. This doesn't seem like an illegal, unconstitutional use of taxpayer funds for politicking at all. https://twitter.com/RectorSun/status/971086966405165057 …",7,21,32,1520361385000,10:36 AM - 6 Mar 2018,/Gormogons/status/971092152884301824,,March,negative
1556481244-2339,https://twitter.com/search?l=&q=gun%20control%20since%3A2018-03-05%20until%3A2018-03-08&src=typd&lang=en,@NewsHour,PBS NewsHour,"""The one thing that might shake up this paralysis is the marches that students are leading,"" says USA Today Washington Bureau Chief @SusanPage on the power students have to change lawmakers' perspectives on #guncontrol. pic.twitter.com/aOEeGq28A2",5,27,53,1520292270000,3:24 PM - 5 Mar 2018,/NewsHour/status/970802261956878336,,March,neutral
1556481244-2157,https://twitter.com/search?l=&q=gun%20control%20since%3A2018-03-05%20until%3A2018-03-08&src=typd&lang=en,@ABC7Chicago,ABC 7 Chicago,Plainfield students threatened with detention for participation in walkout over gun control: http://abc7.ws/2Hc0RaP pic.twitter.com/W1bHsq472n,49,159,330,1520378420000,3:20 PM - 6 Mar 2018,/ABC7Chicago/status/971163601057828865,,March,neutral
1556481244-2000,https://twitter.com/search?l=&q=gun%20control%20since%3A2018-03-05%20until%3A2018-03-08&src=typd&lang=en,@LaddEveritt,Ladd Everitt,"HUGE props to @UofMaryland student @ajdubinsky, who led a LOUD student Sit-In for gun control today that blocked @SenateMajLeader's door in Russell. 8 students were arrested. https://youtu.be/rn9PDYbgPWg pic.twitter.com/BBFafr6Mvw",1,11,30,1520464687000,3:18 PM - 7 Mar 2018,/LaddEveritt/status/971525430967664646,,March,positive
1556481244-2056,https://twitter.com/search?l=&q=gun%20control%20since%3A2018-03-05%20until%3A2018-03-08&src=typd&lang=en,@bigleaguepol,Big League Politics,Roy Moore Smear Job Accuser Runs As A Democrat To Support Gun Control and DREAMers https://bigleaguepolitics.com/roy-moore-smear-job-accuser-runs-democrat-support-gun-control-dreamers/ …,15,35,37,1520438770000,8:06 AM - 7 Mar 2018,/bigleaguepol/status/971416727291678721,,March,neutral
1556481244-2250,https://twitter.com/search?l=&q=gun%20control%20since%3A2018-03-05%20until%3A2018-03-08&src=typd&lang=en,@Rat_Skates,Rat Skates,GUN CONTROL. SPEECH CONTROL. ANTICHRIST. #Deepstate #Globalism #NWOpic.twitter.com/w6P0l3Uxh2,3,25,25,1520343054000,5:30 AM - 6 Mar 2018,/Rat_Skates/status/971015266476920832,,March,neutral
1556481244-2400,https://twitter.com/search?l=&q=gun%20control%20since%3A2018-03-05%20until%3A2018-03-08&src=typd&lang=en,@egavactip,Mark Pitcavage,"Some white supremacists testing gun control as way to make inroads w/conservatives, along lines of ""You hate the ppl trying to take yr guns away, right? Well, it's actually the Jews behind it.""

""Extremists Exploit Gun Control Issue to Stir Hatred of Jews""
https://www.adl.org/blog/extremists-exploit-gun-control-issue-to-stir-hatred-of-jews-0 …",16,105,84,1520270995000,9:29 AM - 5 Mar 2018,/egavactip/status/970713030001602561,,March,negative
1556481244-2419,https://twitter.com/search?l=&q=gun%20control%20since%3A2018-03-05%20until%3A2018-03-08&src=typd&lang=en,@NateOnTheHill,Nate Madden,"This is how a GOP Senate candidate (and former Green Beret) responded to being lumped in with terrorists for not supporting a gun control bill in Virginia.

https://www.conservativereview.com/articles/gop-senate-candidate-challenges-dem-part-remarks-offensive/ …pic.twitter.com/DoYeGMGVOw",1,21,29,1520266040000,8:07 AM - 5 Mar 2018,/NateOnTheHill/status/970692243689496577,,March,negative
1556481244-2243,https://twitter.com/search?l=&q=gun%20control%20since%3A2018-03-05%20until%3A2018-03-08&src=typd&lang=en,@MorningEdition,Morning Edition,"In deciding who to vote for, Texas Republican Bendi Saindon tells @rachelnpr she is looking up the NRA ratings of GOP candidates and striking out those with an A+.

She's ready for her party to take action on gun control. http://n.pr/2FXG0IU pic.twitter.com/BtBb6M076n",17,52,148,1520348403000,7:00 AM - 6 Mar 2018,/MorningEdition/status/971037701842464768,,March,positive
1556481244-2117,https://twitter.com/search?l=&q=gun%20control%20since%3A2018-03-05%20until%3A2018-03-08&src=typd&lang=en,@AliAdair22,Ali Adair #ImpeachTrumpNow,"Every time the GOP gets in trouble, there's a news dump, then another, then another, etc. What happened to gun control? They are changing the narrative and we are letting them. #NeverAgain #NeverAgainMSDpic.twitter.com/HkiCom6i29",1,31,37,1520397974000,8:46 PM - 6 Mar 2018,/AliAdair22/status/971245614909542403,,March,negative
1556481244-2013,https://twitter.com/search?l=&q=gun%20control%20since%3A2018-03-05%20until%3A2018-03-08&src=typd&lang=en,@joemama920,Joe Glaser,Now Hoggs an authority on gun control. #CIRCUS,,7,20,1520458709000,1:38 PM - 7 Mar 2018,/joemama920/status/971500357405888513,,March,neutral
1556481244-2447,https://twitter.com/search?l=&q=gun%20control%20since%3A2018-03-05%20until%3A2018-03-08&src=typd&lang=en,@Thomas1774Paine,Mike 'Thomas Paine' Moore,‘Due Process Must Be Respected’: NRA’s Dana Loesch Slams Trump on Gun Control (VIDEO) - http://ow.ly/fTSp30iKlSz,12,53,116,1520254835000,5:00 AM - 5 Mar 2018,/Thomas1774Paine/status/970645249092710403,,March,negative
1556481244-2394,https://twitter.com/search?l=&q=gun%20control%20since%3A2018-03-05%20until%3A2018-03-08&src=typd&lang=en,@OPCGhost,Fred Harding,"I find it humorous that when police make a push for additional funding for military style weaponry they claim it is because they are ""outgunned"" by the bad guys. When the debate is about gun control, I get told that there is really no difference between the guns anyway. Strange.",3,41,113,1520271860000,9:44 AM - 5 Mar 2018,/OPCGhost/status/970716655281156099,,March,negative
1556481244-2016,https://twitter.com/search?l=&q=gun%20control%20since%3A2018-03-05%20until%3A2018-03-08&src=typd&lang=en,@drawandstrike,Brian Cates,"Was really smart of the Dem party to spend the last month talking about banning all semi autos up there in DC.  

A party that fights so hard for illegals over Americans, then trips yet again over gun control, easy to see how this happened to it in Texas. pic.twitter.com/sHytMZL1nT",4,33,79,1520456272000,12:57 PM - 7 Mar 2018,/drawandstrike/status/971490138059657217,,March,positive
1556481244-2491,https://twitter.com/search?l=&q=gun%20control%20since%3A2018-03-05%20until%3A2018-03-08&src=typd&lang=en,@starknightz,Friend or Foe?,"Oscars: Celebrities Push Gun Control Surrounded by a Wall of 500 Rifle-Wielding SWAT Officers https://truepundit.com/oscars-celebrities-push-gun-control-surrounded-wall-500-rifle-wielding-swat-officers/ … #QAnon @POTUS #TheGreatAwakening #Patriot #News
#NRA #GunRights #OscarAwards",,21,16,1520221058000,7:37 PM - 4 Mar 2018,/starknightz/status/970503578610733057,,March,neutral
1556481244-2009,https://twitter.com/search?l=&q=gun%20control%20since%3A2018-03-05%20until%3A2018-03-08&src=typd&lang=en,@TheRealDanAtAU,DanAtAU,Did #LapdogLee tweet about storm safety for his constituents? Nope. Did #LapdogLee tweet about saving lives of students with common sense gun control? Nope. — This is his focus. Being @realDonaldTrump ‘s lapdog. Shameful.,1,4,35,1520460572000,2:09 PM - 7 Mar 2018,/TheRealDanAtAU/status/971508169573896198,,March,negative
1556481244-2370,https://twitter.com/search?l=&q=gun%20control%20since%3A2018-03-05%20until%3A2018-03-08&src=typd&lang=en,@howiemill93,Howie ‘Conservatives Pounce’ Mill  🐻,"So if the majority support gun control then they should push to amend the constitution. 

But good luck getting 38 states on board.",5,4,53,1520281565000,12:26 PM - 5 Mar 2018,/howiemill93/status/970757362649722881,,March,positive
1556481244-2534,https://twitter.com/search?l=&q=gun%20control%20since%3A2018-03-05%20until%3A2018-03-08&src=typd&lang=en,@anne_twain,💧ChookBot,There is not a total ban on guns in Australia anyway - we have enough control that most Australians feel they don't need a gun.,7,13,480,1520208625000,4:10 PM - 4 Mar 2018,/anne_twain/status/970451427427475456,,March,positive
1556481244-2547,https://twitter.com/search?l=&q=gun%20control%20since%3A2018-03-05%20until%3A2018-03-08&src=typd&lang=en,@ReligionTopNews,World of Religion,"New #Catholic #Bishop in #LasVegas Supports #Immigrants, #Gun Control: http://www.mambolook.com/link/16010066 , http://www.mambolook.com/christianity/bishops …pic.twitter.com/6WGpg7rLVW",,,,1520208017000,4:00 PM - 4 Mar 2018,/ReligionTopNews/status/970448877924077573,,March,positive
1556481244-2161,https://twitter.com/search?l=&q=gun%20control%20since%3A2018-03-05%20until%3A2018-03-08&src=typd&lang=en,@DevinSenaUI,Devin Sena,"Baltimore has the strictest gun control in the nation and is penned by USA Today as the most dangerous city in America. 

Give me a break. https://twitter.com/RectorSun/status/971086966405165057 …",2,24,53,1520377260000,3:01 PM - 6 Mar 2018,/DevinSenaUI/status/971158735472201729,,March,negative
1556481244-2485,https://twitter.com/search?l=&q=gun%20control%20since%3A2018-03-05%20until%3A2018-03-08&src=typd&lang=en,@FrankJannuzi,Frank Jannuzi,The only sensible way to defend and honor the 2nd Amendment is to embrace and support gun control. Opponents of gun control are dooming the 2nd Amendment. Progressives aren’t against the 2nd Amendment. They are FOR safety and security and AGAINST carnage.,4,16,27,1520222459000,8:00 PM - 4 Mar 2018,/FrankJannuzi/status/970509453639503872,,March,neutral
1556481244-2163,https://twitter.com/search?l=&q=gun%20control%20since%3A2018-03-05%20until%3A2018-03-08&src=typd&lang=en,@ADL,ADL,White supremacists are exploiting the tragic mass shooting in #Parkland & the debate over gun control to push their #antiSemitic agenda.https://www.adl.org/blog/extremists-exploit-gun-control-issue-to-stir-hatred-of-jews-0 …,18,42,29,1520376858000,2:54 PM - 6 Mar 2018,/ADL/status/971157051635314689,,March,negative
1556481244-2011,https://twitter.com/search?l=&q=gun%20control%20since%3A2018-03-05%20until%3A2018-03-08&src=typd&lang=en,@csutton1959,"👌 ❌Cindy Sutton ""Deplorable DREG of society"" ❌ 👌","I am so happy with this new group of conservatives coming onto the scene in Washington. WATCH: Virginia Delegate Takes Democrats to Task for Slavery, Broken Homes, Gun Control - http://conservativefighters.com/news/watch-virginia-delegate-takes-democrats-task-slavery-broken-homes-gun-control/ …",,17,19,1520459832000,1:57 PM - 7 Mar 2018,/csutton1959/status/971505067697364995,,March,positive
1556481244-2245,https://twitter.com/search?l=&q=gun%20control%20since%3A2018-03-05%20until%3A2018-03-08&src=typd&lang=en,@thedailybeast,The Daily Beast,Oregon becomes the first state to enact gun-control laws after Parkland http://thebea.st/2I9FRmA,8,123,312,1520347214000,6:40 AM - 6 Mar 2018,/thedailybeast/status/971032714630651909,,March,positive
1556481244-2456,https://twitter.com/search?l=&q=gun%20control%20since%3A2018-03-05%20until%3A2018-03-08&src=typd&lang=en,@varepall,VRA,"Oscars: Celebrities Push Gun Control Surrounded by a Wall of 500 Armed Officers http://bit.ly/2Fb9k1j  via @BreitbartNews

VRA",3,26,44,1520249104000,3:25 AM - 5 Mar 2018,/varepall/status/970621211729432577,,March,neutral
1556481244-2020,https://twitter.com/search?l=&q=gun%20control%20since%3A2018-03-05%20until%3A2018-03-08&src=typd&lang=en,@Lukewearechange,Luke Rudkowski,Is it wise to ask for gun control from same entities that are increasingly illegally spying on every aspect of our lives and routinely lying to us for the benefit of the interests that bribe them the most?,7,50,127,1520455513000,12:45 PM - 7 Mar 2018,/Lukewearechange/status/971486951172849664,,March,positive
1556481244-2095,https://twitter.com/search?l=&q=gun%20control%20since%3A2018-03-05%20until%3A2018-03-08&src=typd&lang=en,@jonsnowC4,Jon Snow,"In just one article for Breitbart, Ann Coulter made 10 false or contested claims about immigrants, mass shootings and gun control. (via @FactCheck)https://www.channel4.com/news/factcheck/ann-coulters-10-misleading-claims-about-immigrants-and-mass-shootings …",54,175,224,1520422404000,3:33 AM - 7 Mar 2018,/jonsnowC4/status/971348082402254848,,March,negative
1556481244-2361,https://twitter.com/search?l=&q=gun%20control%20since%3A2018-03-05%20until%3A2018-03-08&src=typd&lang=en,@redsteeze,Stephen Miller,Maybe Kimmel should stick to things he’s good at like healthcare & gun control? https://twitter.com/reutersus/status/970759567259963392 …,19,116,437,1520283990000,1:06 PM - 5 Mar 2018,/redsteeze/status/970767532494872578,,March,positive
1556481244-2104,https://twitter.com/search?l=&q=gun%20control%20since%3A2018-03-05%20until%3A2018-03-08&src=typd&lang=en,@DrLee4America,DrLee MD 4 Freedom 🇺🇸,"YES, speaking as physician, it IS happening. 

LISTEN to podcast
#GunControl & #HealthCare Control are both People Control .. http://youtube.com/watch?v=iTXZXY …

#GunRegistration using #medical database #EMR was #Democrat plan in  #Obamacare. 
#RepealObamacare 
#2A @NRA #NRA #MAGApic.twitter.com/NnXU7TePKw",7,56,57,1520407737000,11:28 PM - 6 Mar 2018,/DrLee4America/status/971286565174566912,,March,neutral
1556481244-2005,https://twitter.com/search?l=&q=gun%20control%20since%3A2018-03-05%20until%3A2018-03-08&src=typd&lang=en,@Valsace__,Valentino,"Baltimore is top 3 with strictest gun control laws in the country, was just voted USA Today's most dangerous city, and is top 5 for number of murders per 100,000 citizens. GUN CONTROL DOES NOT TAKE ILLEGAL GUNS OFF THE STREET. https://twitter.com/rectorsun/status/971081951544270848 …",,10,14,1520462954000,2:49 PM - 7 Mar 2018,/Valsace__/status/971518160888266755,,March,positive
1556481244-2461,https://twitter.com/search?l=&q=gun%20control%20since%3A2018-03-05%20until%3A2018-03-08&src=typd&lang=en,@Shareblue,Shareblue Media,NRA in a tailspin as gun sales plunge and support for gun control is soaring https://shareblue.com/nra-republicans-support-guns-ban/ …,4,46,106,1520247630000,3:00 AM - 5 Mar 2018,/Shareblue/status/970615027584692225,,March,neutral
1556481244-2489,https://twitter.com/search?l=&q=gun%20control%20since%3A2018-03-05%20until%3A2018-03-08&src=typd&lang=en,@thehill,The Hill,"WATCH: Alec Baldwin returns to ""SNL"" as confused Trump flip-flopping on gun-control policy
http://hill.cm/oHxSBKD pic.twitter.com/3vkbz5XZ4L",13,40,180,1520221263000,7:41 PM - 4 Mar 2018,/thehill/status/970504438682148864,,March,negative
1556481244-2082,https://twitter.com/search?l=&q=gun%20control%20since%3A2018-03-05%20until%3A2018-03-08&src=typd&lang=en,@4everNeverTrump,Pé Resists,"The Parkland shooting was three weeks ago.

Trump has spent more time with NRA than victims.

The only state to pass a new gun control law is Dem-controlled Oregon. The GOP killed common-sense legislation in Congress and other states.

Midterms are in 244 days. Register. Vote.",22,654,1.0K,1520429991000,5:39 AM - 7 Mar 2018,/4everNeverTrump/status/971379905790296064,,March,positive
1556481244-2345,https://twitter.com/search?l=&q=gun%20control%20since%3A2018-03-05%20until%3A2018-03-08&src=typd&lang=en,@PhilippeReines,Philippe Reines,"Good thread from @JenKirkman about the new accounts created in February. Attractive photos of women catch the eye, but I bet it’s to make it seem women like him. But they don’t. He’s alienated millions disparaging HRC.

Next it’ll be fake gun control accounts singing his praises. https://twitter.com/jenkirkman/status/970510435723169792 …",4,47,86,1520289679000,2:41 PM - 5 Mar 2018,/PhilippeReines/status/970791392552407040,,March,positive
1556481244-2149,https://twitter.com/search?l=&q=gun%20control%20since%3A2018-03-05%20until%3A2018-03-08&src=typd&lang=en,@IndivisibleNet,Indivisible Network,"Why did @realDonaldTrump suddenly throw out this idea of tariffs and a trade war? Because he promised gun control then the @NRA lectured him and he wanted to change the subject. 

Sad thing is, it worked.",23,304,519,1520382866000,4:34 PM - 6 Mar 2018,/IndivisibleNet/status/971182250032119808,,March,negative
1556481244-2286,https://twitter.com/search?l=&q=gun%20control%20since%3A2018-03-05%20until%3A2018-03-08&src=typd&lang=en,@CitizensMandate,Citizens Mandate,"Gun control?? Amnesty?? Want to guarantee 2018 midterm election losses? Keep it up, RINOs. 

The American people want the conservative legislation they were promised. #KeepYourPromises #DrainTheSwamp #MAGA #AmericaFirstpic.twitter.com/Jdauyfdz8f",19,147,284,1520313254000,9:14 PM - 5 Mar 2018,/CitizensMandate/status/970890274707656704,,March,neutral
1556481244-2446,https://twitter.com/search?l=&q=gun%20control%20since%3A2018-03-05%20until%3A2018-03-08&src=typd&lang=en,@wef,World Economic Forum,Gun control in four countries around the world http://wef.ch/2FzByQh  #guncontrol pic.twitter.com/uWriSCzeGH,4,42,50,1520254923000,5:02 AM - 5 Mar 2018,/wef/status/970645615284809728,,March,neutral
1556481244-2112,https://twitter.com/search?l=&q=gun%20control%20since%3A2018-03-05%20until%3A2018-03-08&src=typd&lang=en,@veteranhank,🇺🇸Veteran Hank 🇺🇸,Tucker is right if the politicians cannot get our guns they cannot control us. It's not a few deranged individuals but when the American people have had enough of the government and decide it is time to get rid of the institutions that form the present government. pic.twitter.com/bxVxgaEVJ8,2,17,27,1520400868000,9:34 PM - 6 Mar 2018,/veteranhank/status/971257754974326785,,March,positive
1556481244-2479,https://twitter.com/search?l=&q=gun%20control%20since%3A2018-03-05%20until%3A2018-03-08&src=typd&lang=en,@BettieRose100,Bettie Rose,"LAURA MOSER is being showcased on the OUR REVOLUTION website (org BERNIE HIMSELF founded). https://tinyurl.com/y6wcyl87 

IMPORTANT:  THIS Tues - March 6 is last chance to keep MOSER out & vote for TED CRUZ's opponent, Hillary delegate, gun control advocate  @RepBetoORourkepic.twitter.com/8aaZeFsP2A",3,18,21,1520224496000,8:34 PM - 4 Mar 2018,/BettieRose100/status/970517996073574400,,March,positive
1556481244-2530,https://twitter.com/search?l=&q=gun%20control%20since%3A2018-03-05%20until%3A2018-03-08&src=typd&lang=en,@morgxn,m  o  r  g   ✨  n,"i got a new phone. i’m wearing an alabama sweater by the beach. and it’s my birthday tomorrow. all is right in the world*

*except gun control now and no more Trump  pic.twitter.com/Q8KIDusFM5",3,,24,1520209228000,4:20 PM - 4 Mar 2018,/morgxn/status/970453959063162880,,March,positive
1556481244-2195,https://twitter.com/search?l=&q=gun%20control%20since%3A2018-03-05%20until%3A2018-03-08&src=typd&lang=en,@whackkat,kat ™️,people called for gun control so Ed Hochuli retired pic.twitter.com/zf0RnmR4sU,6,21,63,1520363764000,11:16 AM - 6 Mar 2018,/whackkat/status/971102128382001152,,March,neutral
1556481244-2017,https://twitter.com/search?l=&q=gun%20control%20since%3A2018-03-05%20until%3A2018-03-08&src=typd&lang=en,@Tactical_review,Tactical-reviews.com,"how do you carry your #firearm daily?

Condition zero is chambered, safety off
Condition one is chambered, safety on

#ConcealedCarry #ConcealCarry #edc #GunSafety #gunsense #guncontrol",54,50,48,1520455911000,12:51 PM - 7 Mar 2018,/Tactical_review/status/971488623227998208,,March,neutral
1556481244-2546,https://twitter.com/search?l=&q=gun%20control%20since%3A2018-03-05%20until%3A2018-03-08&src=typd&lang=en,@SockStealer,SockStealer,"Hi @DICKS!
Just bought an awesome birthday present from your store. Thank you so much for supporting #GunReform #GunControl pic.twitter.com/UrC8XFcfiA",1,,1,1520208018000,4:00 PM - 4 Mar 2018,/SockStealer/status/970448882768388096,,March,positive
1556481244-2133,https://twitter.com/search?l=&q=gun%20control%20since%3A2018-03-05%20until%3A2018-03-08&src=typd&lang=en,@CraigRSawyer,Craig Sawyer  🌐,Gun Control agenda brutally dismantled. This is epic... https://fb.me/2v4SjBpY2,31,310,517,1520389379000,6:22 PM - 6 Mar 2018,/CraigRSawyer/status/971209565688729600,,March,negative
1556481244-2440,https://twitter.com/search?l=&q=gun%20control%20since%3A2018-03-05%20until%3A2018-03-08&src=typd&lang=en,@karinatheobald2,karina theobald,"Teenagers SHOULD be the ones leading the gun control discussion. Since 2007 (Virginia tech), my generation has lived through 13/20 of the deadliest mass shootings in the US. I was barely 13 years old when I saw Sandy Hook on the news. We've seen too much and we've had enough.",1,3,79,1520258055000,5:54 AM - 5 Mar 2018,/karinatheobald2/status/970658755087040514,,March,positive
1556481244-2342,https://twitter.com/search?l=&q=gun%20control%20since%3A2018-03-05%20until%3A2018-03-08&src=typd&lang=en,@NBCNews,NBC News,Sen. Cruz is caught in election-year bind on gun control. http://nbcnews.to/2FiedBI,66,31,70,1520290745000,2:59 PM - 5 Mar 2018,/NBCNews/status/970795864506675200,,March,neutral
1556481244-2306,https://twitter.com/search?l=&q=gun%20control%20since%3A2018-03-05%20until%3A2018-03-08&src=typd&lang=en,@No3rdWaveFem,❌NotASpookyFeminist,"I joined the @NRA a little over a week ago. Although I have my CCW, I never saw the need. Now I do. They don’t want gun control, they want a ban. Once they take away one type of weapon, they will come back for others. They’re called Progressives for a reason, but not a good one.",1,8,35,1520303321000,6:28 PM - 5 Mar 2018,/No3rdWaveFem/status/970848613214703616,,March,negative
1556481244-2467,https://twitter.com/search?l=&q=gun%20control%20since%3A2018-03-05%20until%3A2018-03-08&src=typd&lang=en,@FoxNews,Fox News,"Jane Harman on gun control: ""It's not a debate between guns or no guns, it's a debate about what level of protection can we give kids in school?"" #FoxNewsSundaypic.twitter.com/Py8DVwb3ft",47,43,142,1520233920000,11:12 PM - 4 Mar 2018,/FoxNews/status/970557524075208704,,March,neutral
1556481244-2399,https://twitter.com/search?l=&q=gun%20control%20since%3A2018-03-05%20until%3A2018-03-08&src=typd&lang=en,@DakotaEFlynn,Dakota Flynn  🇺🇸,"Dear Celebrities, 
   
Pls stop lecturing us about:
-Gun control, while you have armed security
-Walls, when you live behind one
-Global warming, while you fly around in private jets
-Pretty much anything

Just stop, nobody cares about your opinions, we just want good movies.",1,29,56,1520271044000,9:30 AM - 5 Mar 2018,/DakotaEFlynn/status/970713232372654081,,March,positive
1556481244-2325,https://twitter.com/search?l=&q=gun%20control%20since%3A2018-03-05%20until%3A2018-03-08&src=typd&lang=en,@Celeste_pewter,Celeste P.,"I tend to have the news on around the clock, and I have yet to see a detailed story about today being the original deadline for Dreamers, the Senate refusing to take on gun control, OR this latest attempt to roll back Dodd-Frank. 

Instead, it's been wall-to-wall Nunberg.",3,18,30,1520296935000,4:42 PM - 5 Mar 2018,/Celeste_pewter/status/970821828959551488,,March,positive
1556481244-2308,https://twitter.com/search?l=&q=gun%20control%20since%3A2018-03-05%20until%3A2018-03-08&src=typd&lang=en,@olliethebee,cloutless mouse,this one woman was arguing with me about gun control and she said “learn to respect adults before you say anything else” and i’m like?? i’ll respect adults that respect my right to live and learn in a safe environment.,2,4,16,1520302324000,6:12 PM - 5 Mar 2018,/olliethebee/status/970844430730186752,,March,positive
1556481244-2051,https://twitter.com/search?l=&q=gun%20control%20since%3A2018-03-05%20until%3A2018-03-08&src=typd&lang=en,@Thom_Hartmann,Thom Hartmann,Funny thing how countries with gun control don't worry about school mass shootings... https://twitter.com/cjmarley/status/971425024996495361 …,24,55,141,1520441858000,8:57 AM - 7 Mar 2018,/Thom_Hartmann/status/971429678530543616,,March,positive
1556481244-2450,https://twitter.com/search?l=&q=gun%20control%20since%3A2018-03-05%20until%3A2018-03-08&src=typd&lang=en,@Patriot261,Patriot26,"They wear gun control pins, yet they have armed security. They wear black to support #MeToo, yet they don’t fix the root of the sexual harassment problem

They say our ‘thoughts & prayers’ don’t work, but they expect to change the world by wearing a color or pin
#MondayMotivation",5,28,49,1520252418000,4:20 AM - 5 Mar 2018,/Patriot261/status/970635111279579143,,March,positive
1556481244-2076,https://twitter.com/search?l=&q=gun%20control%20since%3A2018-03-05%20until%3A2018-03-08&src=typd&lang=en,@MarthaKelly3,Martha Kelly,"Then let the straight ticket reflect what the majority want: universal healthcare, gun control, higher minimum wage, defunding ICE, overturning Citizens United & reinstating Net Neutrality, for starters. 

We can’t win on “not Republican.” Nor should we. https://twitter.com/brianschatz/status/971211820991205376 …",4,24,155,1520431531000,6:05 AM - 7 Mar 2018,/MarthaKelly3/status/971386363420475392,,March,positive
1556481244-2002,https://twitter.com/search?l=&q=gun%20control%20since%3A2018-03-05%20until%3A2018-03-08&src=typd&lang=en,@bullimusmaximus,Mike Bullard,"If any sort of gun control legislation is passed that gun owners don't like, I say we set up sanctuary cities, where all guns are welcome and we just ignore any laws that infringe on our rights!!  DAMN!  I like this game!!",12,28,95,1520464198000,3:09 PM - 7 Mar 2018,/bullimusmaximus/status/971523378971541504,,March,positive
1556481244-2237,https://twitter.com/search?l=&q=gun%20control%20since%3A2018-03-05%20until%3A2018-03-08&src=typd&lang=en,@MSNBC,MSNBC,"President Donald Trump has vowed to use his executive authority to tighten gun control.

But his administration has focused on delaying gun regulations http://on.msnbc.com/2Hddtia",87,118,124,1520350225000,7:30 AM - 6 Mar 2018,/MSNBC/status/971045341133983744,,March,neutral
1556481244-2539,https://twitter.com/search?l=&q=gun%20control%20since%3A2018-03-05%20until%3A2018-03-08&src=typd&lang=en,@reason,reason,"""Gun control is undead. We just keep killing it but it keeps coming back.""
 http://bit.ly/2H3d15H",2,12,22,1520208114000,4:01 PM - 4 Mar 2018,/reason/status/970449285547483138,,March,neutral
1556481244-2268,https://twitter.com/search?l=&q=gun%20control%20since%3A2018-03-05%20until%3A2018-03-08&src=typd&lang=en,@claverackjac,jack's grandaughter Jess 🐾,"dear mr. trump;

It's my Birthday! 

I've made a wish list of possibe gifts U might consider 2 help me celebrate!

#YourResignation

#ReleaseYourTaxReturns

#SanctionRussia

#FireKushner

#DACA

#GunControl

Any of these would B very much appreciated.

Thanks,
Jack",6,14,44,1520330768000,2:06 AM - 6 Mar 2018,/claverackjac/status/970963735627038720,,March,positive
1556481244-2437,https://twitter.com/search?l=&q=gun%20control%20since%3A2018-03-05%20until%3A2018-03-08&src=typd&lang=en,@thecjpearson,CJ Pearson,Had fun partnering with @micgoat to share my view that gun control is not the answer. Be sure to check them out! pic.twitter.com/h1iK3i1SNh,12,89,338,1520259262000,6:14 AM - 5 Mar 2018,/thecjpearson/status/970663817393950720,,March,positive
1556481244-2432,https://twitter.com/search?l=&q=gun%20control%20since%3A2018-03-05%20until%3A2018-03-08&src=typd&lang=en,@bcwilliams92,The Billie Williams,"If the government can figure out which car model the most DWI’s happen in... they could Ban that particular model of car to save more lives from drunk drivers..

#LiberalLogic #GunControl pic.twitter.com/RKXab7vTR3",4,87,121,1520261303000,6:48 AM - 5 Mar 2018,/bcwilliams92/status/970672376915611649,,March,positive
1556481244-2209,https://twitter.com/search?l=&q=gun%20control%20since%3A2018-03-05%20until%3A2018-03-08&src=typd&lang=en,@MarkRocon,Mark the Deplorable,"Democrats prized Gun Control Senator Leland Lee going to Prison for weapons trafficking, accepting bribes and extorting money.
Democrat Crime Syndicate in action.
https://joeforamerica.com/2018/02/democrat-scandal-senator-yee-prison-gun-trafficking/ …",160,1.5K,1.5K,1520359218000,10:00 AM - 6 Mar 2018,/MarkRocon/status/971083060929327106,,March,positive
1556481244-2509,https://twitter.com/search?l=&q=gun%20control%20since%3A2018-03-05%20until%3A2018-03-08&src=typd&lang=en,@slater_rose,🔯Rose R.Slater ✡️,"It brings me great joy to watch the NRA panic as the teenagers change the gun world forever.
NRA like trump are spiraling out of control and I love watching every second of it because these people have tortured us for so long I hope it happens for them long and slow (the pain) pic.twitter.com/Dtfu7kUH4a",410,2.8K,18K,1520215060000,5:57 PM - 4 Mar 2018,/slater_rose/status/970478419770159104,,March,positive
1556481244-2007,https://twitter.com/search?l=&q=gun%20control%20since%3A2018-03-05%20until%3A2018-03-08&src=typd&lang=en,@nyc_erik,RESISTNYC,"We will NOT let this issue smolder in the background because of @realDonaldTrump and his many scandals and diversions.

We need to protect our children NOW from a government enslaved by the @NRA. 

#NeverAgain #MarchForOurLives #Trump #GunReformNow #GunControl #NRA #Russiahttps://twitter.com/newstatesman/status/969931649688522752 …",1,21,26,1520462194000,2:36 PM - 7 Mar 2018,/nyc_erik/status/971514976316903424,,March,positive
1556481244-2228,https://twitter.com/search?l=&q=gun%20control%20since%3A2018-03-05%20until%3A2018-03-08&src=typd&lang=en,@FranPelayo,Francisco J. Pelayo,Gun control activist Lucy McBath joins two other Democrats challenging Republican U.S. Rep. Karen Handel. #gapol http://ow.ly/o72v30iML8b,5,25,102,1520352305000,8:05 AM - 6 Mar 2018,/FranPelayo/status/971054066292936710,,March,positive
1556481244-2028,https://twitter.com/search?l=&q=gun%20control%20since%3A2018-03-05%20until%3A2018-03-08&src=typd&lang=en,@NewtownAction,Newtown Action,"5 days after the Sandy Hook shooting, Secretary of Education Arne Duncan visited the Sandy Hook teachers & hailed Newtown teachers' 'Quiet Heroism' and supported gun control measures to keep children & teachers safe in schools. https://www.huffingtonpost.com/2012/12/19/arne-duncan-newtown_n_2331001.html?ncid=engmodushpmg00000004 … #NeverAgain #Parklandhttps://twitter.com/thehill/status/971459240144629760 …",,12,35,1520450740000,11:25 AM - 7 Mar 2018,/NewtownAction/status/971466933894877185,,March,positive
1556481244-1998,https://twitter.com/search?l=&q=gun%20control%20since%3A2018-03-05%20until%3A2018-03-08&src=typd&lang=en,@blazingactivist,Blazing 💥 💫,"Nobody is taking away your guns. It's gun control, not a gun ban. If you are a responsible gun owner then you clearly don't need to be worried about stricter gun laws.",11,8,108,1520466587000,3:49 PM - 7 Mar 2018,/blazingactivist/status/971533401357475840,,March,positive
1556481244-2193,https://twitter.com/search?l=&q=gun%20control%20since%3A2018-03-05%20until%3A2018-03-08&src=typd&lang=en,@JeremiasCoiro,jerm,"Judson walkout 2018, March 20th we will walk out after the attendance bell sounds during 2nd period. This will not be about just gun control but about all of your wants. This is to bring awareness and to have your voices be heard. There will be voting registrations and many more",1,31,48,1520364823000,11:33 AM - 6 Mar 2018,/JeremiasCoiro/status/971106572180099074,,March,positive
